{
  "anvil_panel": {
    "modifications": [
      {
        "array_name": "controls",
        "operation": "insert_back",
        "value": {
          "conditional_shulker_grid@anvil_common.conditional_shulker_grid": {
            "$offset|default": [ 0, 0 ],
            "offset": "$offset",
            "variables": [
              {
                "requires": "($is_windows_10_mobile or $is_ios or $is_android)",
                "$offset": [ 0, 6 ]
              }
            ]
          }
        }
      }
    ]
  },

  // Since I am reserving 4 characters, I am allowing 34 characters instead of 30

  "text_edit_control": {
    "max_length": 34
  }
}