{
  "namespace": "anvil_common",

  "conditional_shulker_grid": {
    "type": "grid",
    "anchor_from": "center",
    "anchor_to": "center",
    "grid_dimensions": [ 1, 1 ],
    "controls": [
      {
        "input_item_slot@anvil_common.shulker_slot": {
          "grid_position": [ 0, 0 ],
          "$item_collection_name": "anvil_input_items",

          "$focus_id_binding_type": "none",
          "$focus_id": "anvil_input",

          "$focus_override_right_binding_type": "none",
          "$focus_override_right": "anvil_material"
        }
      }
    ]
  },

  "shulker_slot": {
    "type": "panel",
    "controls": [
      {
        "container_item@anvil_common.container_item": {
          "anchor_to": "center",
          "anchor_from": "center"
        }
      }
    ]
  },

  "container_item": {
    "type": "input_panel",
    "size": [ 100, 180 ],
    "controls": [
      {
        "item_renderer@crafting.item_renderer": {
          "alpha": 0,
          "size": [ 100, 166 ],
          "offset": [ 134, 0 ],
          "layer": 10000, // FOR THE LOVE OF ALL THINGS GOOD, DO NOT CHANGE THIS. LOWERING THIS WILL BREAK THE ANVIL UI.
          "bindings": [
            {
              "binding_name": "#item_id_aux",
              "binding_type": "collection",
              "binding_collection_name": "$item_collection_name"
            },
            {
              "binding_type": "view",
              "source_property_name": "(((#item_id_aux > 14286847) and (#item_id_aux < 14286864)) or (#item_id_aux = 13434880))",
              "target_property_name": "#visible"
            }
          ],
          "controls": [
            {
              "bg_image": {
                "type": "image",
                "texture": "textures/anvil/info_bg",
                "size": [ "100%", "100%" ],
                "alpha": 0.8,
                "layer": -9999,
                "controls": [
                  {
                    "info_text": {
                      "type": "label",
                      "anchor_from": "top_middle",
                      "anchor_to": "top_middle",
                      "text_alignment": "center",
                      "text": "§lColor Code",
                      "layer": 1,
                      "offset": [ 2, 0 ]
                    }
                  },
                  {
                    "info_text_2": {
                      "type": "label",
                      "anchor_from": "top_middle",
                      "anchor_to": "top_middle",
                      "text_alignment": "center",
                      "text": "§lCheat Sheet",
                      "layer": 1,
                      "offset": [ 2, 10 ]
                    }
                  },
                  {
                    "bottom_shulker": {
                      "type": "stack_panel",
                      "size": [ "100%c", 16 ],
                      "offset": [ 30, -2 ],
                      "anchor_from": "bottom_left",
                      "anchor_to": "bottom_left",
                      "layer": 1,
                      "controls": [
                        {
                          "stack_panel": {
                            "type": "stack_panel",
                            "orientation": "horizontal",
                            "layer": 1,
                            "controls": [
                              {
                                "shulker_item@crafting.item_renderer": {
                                  "property_bag": {
                                    "#item_id_aux": 14286863
                                  },
                                  "controls": [
                                    {
                                      "white": {
                                        "type": "image",
                                        "texture": "textures/anvil/white_left",
                                        "alpha": 0.12,
                                        "size": [ "100%", 16 ],
                                        "layer": -1
                                      }
                                    }
                                  ]
                                }
                              },
                              {
                                "text_panel": {
                                  "type": "panel",
                                  "controls": [
                                    {
                                      "formatting_text_1": {
                                        "type": "label",
                                        "text": "\u001c\u001c§0§"
                                      }
                                    },
                                    {
                                      "formatting_text_2": {
                                        "type": "label",
                                        "text": "\u001c\u001c \u001c\u001c§00"
                                      }
                                    },
                                    {
                                      "formatting_text_3": {
                                        "type": "label",
                                        "text": "\u001c\u001c  \u001c\u001c\u001c\u001c§"
                                      }
                                    },
                                    {
                                      "formatting_text_4": {
                                        "type": "label",
                                        "text": "\u001c\u001c   \u001c\u001c\u001c\u001c\u001c\u001cr",
                                        "controls": [
                                          {
                                            "white": {
                                              "type": "image",
                                              "texture": "textures/anvil/white_right",
                                              "alpha": 0.12,
                                              "size": [ "100%", 16 ],
                                              "layer": -1
                                            }
                                          }
                                        ]
                                      }
                                    }
                                  ]
                                }
                              }
                            ]
                          }
                        }
                      ]
                    }
                  },
                  {
                    "left_stack": {
                      "type": "stack_panel",
                      "offset": [ 7, 19 ],
                      "anchor_from": "top_left",
                      "anchor_to": "top_left",
                      "orientation": "vertical",
                      "controls": [
                        {
                          "entry_1": {
                            "type": "stack_panel",
                            "size": [ "100%c", 16 ],
                            "orientation": "horizontal",
                            "layer": 1,
                            "controls": [
                              {
                                "shulker_item@crafting.item_renderer": {
                                  "property_bag": {
                                    "#item_id_aux": 13434880
                                  }
                                }
                              },
                              {
                                "text_panel": {
                                  "type": "panel",
                                  "controls": [
                                    {
                                      "formatting_text_1": {
                                        "type": "label",
                                        "text": "\u001c\u001c§"
                                      }
                                    },
                                    {
                                      "formatting_text_2": {
                                        "type": "label",
                                        "text": "\u001c\u001c \u001c\u001cr"
                                      }
                                    },
                                    {
                                      "formatting_text_3": {
                                        "type": "label",
                                        "text": "\u001c\u001c  \u001c\u001c\u001c\u001c§"
                                      }
                                    },
                                    {
                                      "formatting_text_4": {
                                        "type": "label",
                                        "text": "\u001c\u001c   \u001c\u001c\u001c\u001c\u001c\u001cr"
                                      }
                                    }
                                  ]
                                }
                              }
                            ]
                          }
                        },
                        {
                          "entry_2": {
                            "type": "stack_panel",
                            "size": [ "100%c", 16 ],
                            "orientation": "horizontal",
                            "layer": 1,
                            "controls": [
                              {
                                "shulker_item@crafting.item_renderer": {
                                  "property_bag": {
                                    "#item_id_aux": 14286848
                                  }
                                }
                              },
                              {
                                "text_panel": {
                                  "type": "panel",
                                  "controls": [
                                    {
                                      "formatting_text_1": {
                                        "type": "label",
                                        "text": "\u001c\u001c§"
                                      }
                                    },
                                    {
                                      "formatting_text_2": {
                                        "type": "label",
                                        "text": "\u001c\u001c \u001c\u001cf"
                                      }
                                    },
                                    {
                                      "formatting_text_3": {
                                        "type": "label",
                                        "text": "\u001c\u001c  \u001c\u001c\u001c§"
                                      }
                                    },
                                    {
                                      "formatting_text_4": {
                                        "type": "label",
                                        "text": "\u001c\u001c   \u001c\u001c\u001c\u001c\u001cr"
                                      }
                                    }
                                  ]
                                }
                              }
                            ]
                          }
                        },
                        {
                          "entry_3": {
                            "type": "stack_panel",
                            "size": [ "100%c", 16 ],
                            "orientation": "horizontal",
                            "layer": 1,
                            "controls": [
                              {
                                "shulker_item@crafting.item_renderer": {
                                  "property_bag": {
                                    "#item_id_aux": 14286849
                                  }
                                }
                              },
                              {
                                "text_panel": {
                                  "type": "panel",
                                  "controls": [
                                    {
                                      "formatting_text_1": {
                                        "type": "label",
                                        "text": "\u001c\u001c§6§"
                                      }
                                    },
                                    {
                                      "formatting_text_2": {
                                        "type": "label",
                                        "text": "\u001c\u001c \u001c\u001c§66"
                                      }
                                    },
                                    {
                                      "formatting_text_3": {
                                        "type": "label",
                                        "text": "\u001c\u001c  \u001c\u001c\u001c\u001c§"
                                      }
                                    },
                                    {
                                      "formatting_text_4": {
                                        "type": "label",
                                        "text": "\u001c\u001c   \u001c\u001c\u001c\u001c\u001c\u001cr"
                                      }
                                    }
                                  ]
                                }
                              }
                            ]
                          }
                        },
                        {
                          "entry_4": {
                            "type": "stack_panel",
                            "size": [ "100%c", 16 ],
                            "orientation": "horizontal",
                            "layer": 1,
                            "controls": [
                              {
                                "shulker_item@crafting.item_renderer": {
                                  "property_bag": {
                                    "#item_id_aux": 14286850
                                  }
                                }
                              },
                              {
                                "text_panel": {
                                  "type": "panel",
                                  "controls": [
                                    {
                                      "formatting_text_1": {
                                        "type": "label",
                                        "text": "\u001c\u001c§d§"
                                      }
                                    },
                                    {
                                      "formatting_text_2": {
                                        "type": "label",
                                        "text": "\u001c\u001c \u001c\u001c§dd"
                                      }
                                    },
                                    {
                                      "formatting_text_3": {
                                        "type": "label",
                                        "text": "\u001c\u001c  \u001c\u001c\u001c\u001c§"
                                      }
                                    },
                                    {
                                      "formatting_text_4": {
                                        "type": "label",
                                        "text": "\u001c\u001c   \u001c\u001c\u001c\u001c\u001c\u001cr"
                                      }
                                    }
                                  ]
                                }
                              }
                            ]
                          }
                        },
                        {
                          "entry_5": {
                            "type": "stack_panel",
                            "size": [ "100%c", 16 ],
                            "orientation": "horizontal",
                            "layer": 1,
                            "controls": [
                              {
                                "shulker_item@crafting.item_renderer": {
                                  "property_bag": {
                                    "#item_id_aux": 14286851
                                  }
                                }
                              },
                              {
                                "text_panel": {
                                  "type": "panel",
                                  "controls": [
                                    {
                                      "formatting_text_1": {
                                        "type": "label",
                                        "text": "\u001c\u001c§9§"
                                      }
                                    },
                                    {
                                      "formatting_text_2": {
                                        "type": "label",
                                        "text": "\u001c\u001c \u001c\u001c§99"
                                      }
                                    },
                                    {
                                      "formatting_text_3": {
                                        "type": "label",
                                        "text": "\u001c\u001c  \u001c\u001c\u001c\u001c§"
                                      }
                                    },
                                    {
                                      "formatting_text_4": {
                                        "type": "label",
                                        "text": "\u001c\u001c   \u001c\u001c\u001c\u001c\u001c\u001cr"
                                      }
                                    }
                                  ]
                                }
                              }
                            ]
                          }
                        },
                        {
                          "entry_6": {
                            "type": "stack_panel",
                            "size": [ "100%c", 16 ],
                            "orientation": "horizontal",
                            "layer": 1,
                            "controls": [
                              {
                                "shulker_item@crafting.item_renderer": {
                                  "property_bag": {
                                    "#item_id_aux": 14286852
                                  }
                                }
                              },
                              {
                                "text_panel": {
                                  "type": "panel",
                                  "controls": [
                                    {
                                      "formatting_text_1": {
                                        "type": "label",
                                        "text": "\u001c\u001c§e§"
                                      }
                                    },
                                    {
                                      "formatting_text_2": {
                                        "type": "label",
                                        "text": "\u001c\u001c \u001c\u001c§ee"
                                      }
                                    },
                                    {
                                      "formatting_text_3": {
                                        "type": "label",
                                        "text": "\u001c\u001c  \u001c\u001c\u001c\u001c§"
                                      }
                                    },
                                    {
                                      "formatting_text_4": {
                                        "type": "label",
                                        "text": "\u001c\u001c   \u001c\u001c\u001c\u001c\u001c\u001cr"
                                      }
                                    }
                                  ]
                                }
                              }
                            ]
                          }
                        },
                        {
                          "entry_7": {
                            "type": "stack_panel",
                            "size": [ "100%c", 16 ],
                            "orientation": "horizontal",
                            "layer": 1,
                            "controls": [
                              {
                                "shulker_item@crafting.item_renderer": {
                                  "property_bag": {
                                    "#item_id_aux": 14286853
                                  }
                                }
                              },
                              {
                                "text_panel": {
                                  "type": "panel",
                                  "controls": [
                                    {
                                      "formatting_text_1": {
                                        "type": "label",
                                        "text": "\u001c\u001c§a§"
                                      }
                                    },
                                    {
                                      "formatting_text_2": {
                                        "type": "label",
                                        "text": "\u001c\u001c \u001c\u001c§aa"
                                      }
                                    },
                                    {
                                      "formatting_text_3": {
                                        "type": "label",
                                        "text": "\u001c\u001c  \u001c\u001c\u001c\u001c§"
                                      }
                                    },
                                    {
                                      "formatting_text_4": {
                                        "type": "label",
                                        "text": "\u001c\u001c   \u001c\u001c\u001c\u001c\u001c\u001cr"
                                      }
                                    }
                                  ]
                                }
                              }
                            ]
                          }
                        },
                        {
                          "entry_8": {
                            "type": "stack_panel",
                            "size": [ "100%c", 16 ],
                            "orientation": "horizontal",
                            "layer": 1,
                            "controls": [
                              {
                                "shulker_item@crafting.item_renderer": {
                                  "property_bag": {
                                    "#item_id_aux": 14286854
                                  }
                                }
                              },
                              {
                                "text_panel": {
                                  "type": "panel",
                                  "controls": [
                                    {
                                      "formatting_text_1": {
                                        "type": "label",
                                        "text": "\u001c\u001c§c§"
                                      }
                                    },
                                    {
                                      "formatting_text_2": {
                                        "type": "label",
                                        "text": "\u001c\u001c \u001c\u001c§cc"
                                      }
                                    },
                                    {
                                      "formatting_text_3": {
                                        "type": "label",
                                        "text": "\u001c\u001c  \u001c\u001c\u001c\u001c§"
                                      }
                                    },
                                    {
                                      "formatting_text_4": {
                                        "type": "label",
                                        "text": "\u001c\u001c   \u001c\u001c\u001c\u001c\u001c\u001cr"
                                      }
                                    }
                                  ]
                                }
                              }
                            ]
                          }
                        }
                      ]
                    }
                  },
                  {
                    "right_stack": {
                      "type": "stack_panel",
                      "offset": [ 53, 19 ],
                      "anchor_from": "top_left",
                      "anchor_to": "top_left",
                      "orientation": "vertical",
                      "controls": [
                        {
                          "entry_1": {
                            "type": "stack_panel",
                            "size": [ "100%c", 16 ],
                            "orientation": "horizontal",
                            "layer": 1,
                            "controls": [
                              {
                                "shulker_item@crafting.item_renderer": {
                                  "property_bag": {
                                    "#item_id_aux": 14286855
                                  }
                                }
                              },
                              {
                                "text_panel": {
                                  "type": "panel",
                                  "controls": [
                                    {
                                      "formatting_text_1": {
                                        "type": "label",
                                        "text": "\u001c\u001c§8§"
                                      }
                                    },
                                    {
                                      "formatting_text_2": {
                                        "type": "label",
                                        "text": "\u001c\u001c \u001c\u001c§88"
                                      }
                                    },
                                    {
                                      "formatting_text_3": {
                                        "type": "label",
                                        "text": "\u001c\u001c  \u001c\u001c\u001c\u001c§"
                                      }
                                    },
                                    {
                                      "formatting_text_4": {
                                        "type": "label",
                                        "text": "\u001c\u001c   \u001c\u001c\u001c\u001c\u001c\u001cr"
                                      }
                                    }
                                  ]
                                }
                              }
                            ]
                          }
                        },
                        {
                          "entry_2": {
                            "type": "stack_panel",
                            "size": [ "100%c", 16 ],
                            "orientation": "horizontal",
                            "layer": 1,
                            "controls": [
                              {
                                "shulker_item@crafting.item_renderer": {
                                  "property_bag": {
                                    "#item_id_aux": 14286856
                                  }
                                }
                              },
                              {
                                "text_panel": {
                                  "type": "panel",
                                  "controls": [
                                    {
                                      "formatting_text_1": {
                                        "type": "label",
                                        "text": "\u001c\u001c§7§"
                                      }
                                    },
                                    {
                                      "formatting_text_2": {
                                        "type": "label",
                                        "text": "\u001c\u001c \u001c\u001c§77"
                                      }
                                    },
                                    {
                                      "formatting_text_3": {
                                        "type": "label",
                                        "text": "\u001c\u001c  \u001c\u001c\u001c\u001c§"
                                      }
                                    },
                                    {
                                      "formatting_text_4": {
                                        "type": "label",
                                        "text": "\u001c\u001c   \u001c\u001c\u001c\u001c\u001c\u001cr"
                                      }
                                    }
                                  ]
                                }
                              }
                            ]
                          }
                        },
                        {
                          "entry_3": {
                            "type": "stack_panel",
                            "size": [ "100%c", 16 ],
                            "orientation": "horizontal",
                            "layer": 1,
                            "controls": [
                              {
                                "shulker_item@crafting.item_renderer": {
                                  "property_bag": {
                                    "#item_id_aux": 14286857
                                  }
                                }
                              },
                              {
                                "text_panel": {
                                  "type": "panel",
                                  "controls": [
                                    {
                                      "formatting_text_1": {
                                        "type": "label",
                                        "text": "\u001c\u001c§3§"
                                      }
                                    },
                                    {
                                      "formatting_text_2": {
                                        "type": "label",
                                        "text": "\u001c\u001c \u001c\u001c§33"
                                      }
                                    },
                                    {
                                      "formatting_text_3": {
                                        "type": "label",
                                        "text": "\u001c\u001c  \u001c\u001c\u001c\u001c§"
                                      }
                                    },
                                    {
                                      "formatting_text_4": {
                                        "type": "label",
                                        "text": "\u001c\u001c   \u001c\u001c\u001c\u001c\u001c\u001cr"
                                      }
                                    }
                                  ]
                                }
                              }
                            ]
                          }
                        },
                        {
                          "entry_4": {
                            "type": "stack_panel",
                            "size": [ "100%c", 16 ],
                            "orientation": "horizontal",
                            "layer": 1,
                            "controls": [
                              {
                                "shulker_item@crafting.item_renderer": {
                                  "property_bag": {
                                    "#item_id_aux": 14286858
                                  }
                                }
                              },
                              {
                                "text_panel": {
                                  "type": "panel",
                                  "controls": [
                                    {
                                      "formatting_text_1": {
                                        "type": "label",
                                        "text": "\u001c\u001c§5§"
                                      }
                                    },
                                    {
                                      "formatting_text_2": {
                                        "type": "label",
                                        "text": "\u001c\u001c \u001c\u001c§55"
                                      }
                                    },
                                    {
                                      "formatting_text_3": {
                                        "type": "label",
                                        "text": "\u001c\u001c  \u001c\u001c\u001c\u001c§"
                                      }
                                    },
                                    {
                                      "formatting_text_4": {
                                        "type": "label",
                                        "text": "\u001c\u001c   \u001c\u001c\u001c\u001c\u001c\u001cr"
                                      }
                                    }
                                  ]
                                }
                              }
                            ]
                          }
                        },
                        {
                          "entry_5": {
                            "type": "stack_panel",
                            "size": [ "100%c", 16 ],
                            "orientation": "horizontal",
                            "layer": 1,
                            "controls": [
                              {
                                "shulker_item@crafting.item_renderer": {
                                  "property_bag": {
                                    "#item_id_aux": 14286859
                                  }
                                }
                              },
                              {
                                "text_panel": {
                                  "type": "panel",
                                  "controls": [
                                    {
                                      "formatting_text_1": {
                                        "type": "label",
                                        "text": "\u001c\u001c§1§"
                                      }
                                    },
                                    {
                                      "formatting_text_2": {
                                        "type": "label",
                                        "text": "\u001c\u001c \u001c\u001c§11"
                                      }
                                    },
                                    {
                                      "formatting_text_3": {
                                        "type": "label",
                                        "text": "\u001c\u001c  \u001c\u001c\u001c\u001c§"
                                      }
                                    },
                                    {
                                      "formatting_text_4": {
                                        "type": "label",
                                        "text": "\u001c\u001c   \u001c\u001c\u001c\u001c\u001c\u001cr"
                                      }
                                    }
                                  ]
                                }
                              }
                            ]
                          }
                        },
                        {
                          "entry_6": {
                            "type": "stack_panel",
                            "size": [ "100%c", 16 ],
                            "orientation": "horizontal",
                            "layer": 1,
                            "controls": [
                              {
                                "shulker_item@crafting.item_renderer": {
                                  "property_bag": {
                                    "#item_id_aux": 14286860
                                  }
                                }
                              },
                              {
                                "text_panel": {
                                  "type": "panel",
                                  "controls": [
                                    {
                                      "formatting_text_1": {
                                        "type": "label",
                                        "text": "\u001c\u001c§g§"
                                      }
                                    },
                                    {
                                      "formatting_text_2": {
                                        "type": "label",
                                        "text": "\u001c\u001c \u001c\u001c§gg"
                                      }
                                    },
                                    {
                                      "formatting_text_3": {
                                        "type": "label",
                                        "text": "\u001c\u001c  \u001c\u001c\u001c\u001c§"
                                      }
                                    },
                                    {
                                      "formatting_text_4": {
                                        "type": "label",
                                        "text": "\u001c\u001c   \u001c\u001c\u001c\u001c\u001c\u001cr"
                                      }
                                    }
                                  ]
                                }
                              }
                            ]
                          }
                        },
                        {
                          "entry_7": {
                            "type": "stack_panel",
                            "size": [ "100%c", 16 ],
                            "orientation": "horizontal",
                            "layer": 1,
                            "controls": [
                              {
                                "shulker_item@crafting.item_renderer": {
                                  "property_bag": {
                                    "#item_id_aux": 14286861
                                  }
                                }
                              },
                              {
                                "text_panel": {
                                  "type": "panel",
                                  "controls": [
                                    {
                                      "formatting_text_1": {
                                        "type": "label",
                                        "text": "\u001c\u001c§2§"
                                      }
                                    },
                                    {
                                      "formatting_text_2": {
                                        "type": "label",
                                        "text": "\u001c\u001c \u001c\u001c§22"
                                      }
                                    },
                                    {
                                      "formatting_text_3": {
                                        "type": "label",
                                        "text": "\u001c\u001c  \u001c\u001c\u001c\u001c§"
                                      }
                                    },
                                    {
                                      "formatting_text_4": {
                                        "type": "label",
                                        "text": "\u001c\u001c   \u001c\u001c\u001c\u001c\u001c\u001cr"
                                      }
                                    }
                                  ]
                                }
                              }
                            ]
                          }
                        },
                        {
                          "entry_8": {
                            "type": "stack_panel",
                            "size": [ "100%c", 16 ],
                            "orientation": "horizontal",
                            "layer": 1,
                            "controls": [
                              {
                                "shulker_item@crafting.item_renderer": {
                                  "property_bag": {
                                    "#item_id_aux": 14286862
                                  }
                                }
                              },
                              {
                                "text_panel": {
                                  "type": "panel",
                                  "controls": [
                                    {
                                      "formatting_text_1": {
                                        "type": "label",
                                        "text": "\u001c\u001c§4§"
                                      }
                                    },
                                    {
                                      "formatting_text_2": {
                                        "type": "label",
                                        "text": "\u001c\u001c \u001c\u001c§44"
                                      }
                                    },
                                    {
                                      "formatting_text_3": {
                                        "type": "label",
                                        "text": "\u001c\u001c  \u001c\u001c\u001c\u001c§"
                                      }
                                    },
                                    {
                                      "formatting_text_4": {
                                        "type": "label",
                                        "text": "\u001c\u001c   \u001c\u001c\u001c\u001c\u001c\u001cr"
                                      }
                                    }
                                  ]
                                }
                              }
                            ]
                          }
                        }
                      ]
                    }
                  }
                ]
              }
            }
          ]
        }
      }
    ]
  }
}