{
  "shulker_box_panel@colored_shulkers_common.colored_shulkers_panel": {},

  "shulker_box_screen": {
    "$screen_content": "chest.shulker_box_panel",
    "$screen_bg_content": "common.screen_background",
    "$close_on_player_hurt": true,
    "variables": [
      {
        "requires": "($desktop_screen and $stone_background_resolution)", // a clever way of detecting if vdx is applied (but creates a content error that I removed)
        "$screen_content": "chest_dx.center_screen",
        "$screen_bg_content": "colored_shulkers_common.vdx_colored_shulkers_panel",
        "$use_loading_bars": false,
        "$screen_animations": [ ],
        "$background_animations": [ ],
        "$chest_panel_size": [ 176, 166 ],
        "$chest_dialog_bg": "colored_shulkers_common.vdx_background_images",
        "$chest_panel_top_half": "chest_dx.small_chest_panel_top_half"
      },
      {
        "requires": "$pocket_screen",
        "$screen_content": "pocket_containers.shulker_box_panel"
      }
    ]
  }
}