{
  "namespace": "colored_shulkers_common",

  // DESKTOP

  "container_contents@chest.small_chest_panel_top_half": {
    "$label|default": "chest.chest_label",
    "controls": [
      { "chest_label@$label": {} },
      {
        "small_grid@chest.small_chest_grid": {
          "offset": [ 7, 9 ],
          "grid_item_template": "$grid_template"
        }
      }
    ]
  },

  "hotbar_contents@common.hotbar_grid_template": {
    "grid_item_template": "$grid_template"
  },
  
  "inventory_contents@common.inventory_panel_bottom_half_with_label" : {
    "controls": [
      { 
        "inventory_panel": {
          "type": "panel",
          "size": [ 88, 83 ],
          "anchor_from": "bottom_middle",
          "anchor_to": "bottom_middle",
          "controls": [
            {
              "inventory_grid": {
                "type": "grid",
                "size": [ 162, 54 ],
                "anchor_from": "bottom_middle",
                "anchor_to": "bottom_middle",
                "offset": [ 0, -26 ],
                "grid_dimensions": [ 9, 3 ],
                "grid_item_template": "$grid_template",
                "collection_name": "inventory_items"
              }
            }
          ]
        }
      },
      {
        "inventory_label@common.section_heading_label": {
          "anchor_from": "top_left",
          "anchor_to": "top_left",
          "offset": [ 7, 3 ],
          "layer": 2,
          "color": "$label_color",
          "text": "container.inventory"
        }
      }
    ]
  },

  "colored_shulker_template": {
    "type": "panel",
    "controls": [
      { "container_gamepad_helpers@common.container_gamepad_helpers": {} },
      {
        "flying_item_renderer@common.flying_item_renderer": {
          "layer": 14
        }
      },
      { "selected_item_details_factory@common.selected_item_details_factory": {} },
      { "item_lock_notification_factory@common.item_lock_notification_factory": {} },
      {
        "root_panel@common.root_panel": {
          "layer": 1,
          "$bg_panel|default": "common.common_panel",
          "controls": [
            { "common_panel@$bg_panel": {} },
            {
              "chest_panel": {
                "type": "panel",
                "layer": 5,
                "$container_contents|default": "chest.small_chest_panel_top_half",
                "$inventory_contents|default": "common.inventory_panel_bottom_half_with_label",
                "$hotbar_contents|default": "common.hotbar_grid_template",
                "controls": [
                  { "small_chest_panel_top_half@$container_contents": {} },
                  { "inventory_panel_bottom_half_with_label@$inventory_contents": {} },
                  { "hotbar_grid@$hotbar_contents": {} },
                  { "inventory_take_progress_icon_button@common.inventory_take_progress_icon_button": {} }
                ]
              }
            },
            { "inventory_selected_icon_button@common.inventory_selected_icon_button": {} },
            { "gamepad_cursor@common.gamepad_cursor_button": {} }
          ]
        }
      }
    ]
  },

  // POCKET

  "header_panel@pocket_containers.header_panel": {
    "size": [ "50%", "27px" ],
    "controls": [
      {
        "title_label@$label": { "text": "$header_label" }
      }
    ]
  },

  "header_area@pocket_containers.header_area": {
    "controls": [
      { "x@common.legacy_pocket_close_button": { "layer": 3 } },
      {
        "inventory_header@$header_panel": {
          "$header_label": "chestScreen.header.player"
        }
      },
      {
        "container_header@$header_panel": {
          "layer": 2,
          "anchor_from": "top_middle",
          "$header_label": "$container_title"
        }
      },
      {
        "header_background": {
          "type": "image",
          "size": [ "100%", 27 ],
          "texture": "$texture",
          "anchor_from": "top_middle",
          "anchor_to": "top_middle"
        }
      }
    ]
  },

  "inventory_panel@pocket_containers.inventory_panel": {
    "controls": [
      {
        "scrolling_panel@common.scrolling_panel": {
          "layer": 2,
          "$show_background": false,
          "$scrolling_pane_size": [ "100%", "100%-2px" ],
          "$scrolling_content": "$content_panel",
          "$scroll_box_mouse_image_control": "common-classic.button_state_default",
          "$scroll_size": [ "8px", "100%" ]
        }
      },
      {
        "image": {
          "type": "image",
          "texture": "$cell_texture",
          "size": [ "100%s", "100%s" ],
          "layer": 1
        }
      }
    ]
  },

  "pocket_shulker_box_template": {
    "type": "panel",
    "$container_size": 27,
    "$header|default": "pocket_containers.header_area",
    "$bg|default": "pocket_containers.background_panel",
    "$half_screen|default": "pocket_containers.half_screen",
    "controls": [
      { "container_gamepad_helpers@common.container_gamepad_helpers": { "layer": 3 } },
      { "header@$header": { "layer": 2 } },
      { "bg@$bg": { "layer": 0 } },
      {
        "inventory@$half_screen": {
          "$container_size": 36,
          "$pane_collection": "combined_hotbar_and_inventory_items"
        }
      },
      {
        "container@$half_screen": {
          "anchor_from": "top_middle",
          "$pane_collection": "container_items"
        }
      },
      { "selected_item_details_factory@common.selected_item_details_factory": {} },
      {
        "item_lock_notification_factory@common.item_lock_notification_factory": {
          "$offset": [ 0, "85%" ]
        }
      },
      { "gamepad_cursor@common.gamepad_cursor_button": {} },
      { "inventory_selected_icon_button@common.inventory_selected_icon_button": {} },
      { "hold_icon@common.inventory_take_progress_icon_button": {} },
      { "flying_item_renderer@common.flying_item_renderer": {} }
    ]
  },

  // VDX

  "shulker_top_half@chest_dx.small_chest_panel_top_half": {
    "controls": [
      {
        "chest_label@$label_location": {
          "offset": [ 8, 5 ],
          "anchor_from": "top_left",
          "anchor_to": "top_left"
        }
      },
      {
        "small_chest_grid@chest.small_chest_grid": {
          "offset": [ 7, 17 ]
        }
      }
    ]
  },

  "shulker_panel@chest_dx.chest_panel": {
    "controls": [
      { "close_button_panel@inventory_dx.close_button_panel": { } },
      { "dialog_bg_chest@$chest_dialog_bg": { "layer": 1 } },
      { "chest_panel_top_half@$chest_panel_top_half": { } },
      {
        "inventory_panel_bottom_half@common_dx.inventory_panel_bottom_half": {
          "size": [ 162, 87 ],
          "layer": 2,
          "$color": "$shulker_label_color",
          "$background_images": "$bg_image",
          "$with_label": true
        }
      }
    ]
  },

  "main_screen_content": {
    "type": "panel",
    "$slot_selected_texture": "",
    "$item_lock_cell_size": [ "100%-2px", "100%-2px" ],
    "$item_lock_cell_texture": "textures/uidx/cell_image_lock",
    "controls": [
      { "inventory_selected_icon_button@common_dx.inventory_selected_icon_button": {} },
      { "inventory_take_progress_icon_button@common.inventory_take_progress_icon_button": {} },
      { "chest_panel@$shulker_panel": { } }
    ]
  },

  "full_screen@chest_dx.full_screen": {
    "controls": [
      { "main_screen_content@chest_dx.main_screen_content": { } },
      { "screen_background@java_gui_common.screen_background": { "layer": -10, "ignored": "$is_holographic" } }
    ]
  },

  // COMMON

  "highlight_slot_panel": {
    "type": "panel",
    "controls": [
      {
        "highlight": {
          "type": "image",
          "texture": "textures/ui/White",
          "alpha": 0.3,
          "size": [ "100% - 2px", "100% - 2px" ],
          "controls": [
            {
              "hover_text@common.hover_text": {
                "layer": 29,
                "$hover_text_binding_name|default": "#hover_text",
                "bindings": [
                  {
                    "binding_name": "$hover_text_binding_name",
                    "binding_name_override": "#hover_text",
                    "binding_type": "collection",
                    "binding_collection_name": "$item_collection_name"
                  }
                ]
              }
            }
          ],
          "bindings": [
            {
              "binding_name": "(not #using_touch)",
              "binding_name_override": "#visible"
            }
          ]
        }
      },
      {
        "white_border@common.white_border_slot": {
          "ignored": "(not $use_white_border_in_shulker_box)",
          "bindings": [
            {
              "binding_name": "(not #using_touch)",
              "binding_name_override": "#visible"
            }
          ]
        }
      }
    ]
  },

  "container_button@common.container_slot_button_prototype": {
    "$highlight_control": "colored_shulkers_common.highlight_slot_panel"
  },

  "colored_shulkers_panel": {
    "type": "panel",
    "$shulker_box_color|default": "colored_shulkers_common.colored_shulker_template",
    "controls": [
      { 
        "shulker_box_panel@$shulker_box_color": {}
      },
      {
        "selected_tool_panel@common.selected_tool_panel": {} // compatibility with durability viewer
      }
    ],
    "variables": [
      {
        "requires": "(($container_title > '§0§r') and ($container_title < '§0§s'))",
        "$shulker_box_color": "shulker_box_black.shulker_box_panel"
      },      
      {
        "requires": "(($container_title > '§1§r') and ($container_title < '§1§s'))",
        "$shulker_box_color": "shulker_box_blue.shulker_box_panel"
      },      
      {
        "requires": "(($container_title > '§2§r') and ($container_title < '§2§s'))",
        "$shulker_box_color": "shulker_box_green.shulker_box_panel"
      },      
      {
        "requires": "(($container_title > '§3§r') and ($container_title < '§3§s'))",
        "$shulker_box_color": "shulker_box_cyan.shulker_box_panel"
      },      
      {
        "requires": "(($container_title > '§4§r') and ($container_title < '§4§s'))",
        "$shulker_box_color": "shulker_box_red.shulker_box_panel"
      },      
      {
        "requires": "(($container_title > '§5§r') and ($container_title < '§5§s'))",
        "$shulker_box_color": "shulker_box_purple.shulker_box_panel"
      },      
      {
        "requires": "(($container_title > '§6§r') and ($container_title < '§6§s'))",
        "$shulker_box_color": "shulker_box_orange.shulker_box_panel"
      },      
      {
        "requires": "(($container_title > '§7§r') and ($container_title < '§7§s'))",
        "$shulker_box_color": "shulker_box_silver.shulker_box_panel"
      },      
      {
        "requires": "(($container_title > '§8§r') and ($container_title < '§8§s'))",
        "$shulker_box_color": "shulker_box_gray.shulker_box_panel"
      },      
      {
        "requires": "(($container_title > '§9§r') and ($container_title < '§9§s'))",
        "$shulker_box_color": "shulker_box_light_blue.shulker_box_panel"
      },      
      {
        "requires": "(($container_title > '§a§r') and ($container_title < '§a§s'))",
        "$shulker_box_color": "shulker_box_lime.shulker_box_panel"
      },      
      {
        "requires": "(($container_title > '§c§r') and ($container_title < '§c§s'))",
        "$shulker_box_color": "shulker_box_pink.shulker_box_panel"
      },      
      {
        "requires": "(($container_title > '§d§r') and ($container_title < '§d§s'))",
        "$shulker_box_color": "shulker_box_magenta.shulker_box_panel"
      },      
      {
        "requires": "(($container_title > '§e§r') and ($container_title < '§e§s'))",
        "$shulker_box_color": "shulker_box_yellow.shulker_box_panel"
      },      
      {
        "requires": "(($container_title > '§f§r') and ($container_title < '§f§s'))",
        "$shulker_box_color": "shulker_box_white.shulker_box_panel"
      },      
      {
        "requires": "(($container_title > '§g§r') and ($container_title < '§g§s'))",
        "$shulker_box_color": "shulker_box_brown.shulker_box_panel"
      },      
      {
        "requires": "(($container_title > '§r§r') and ($container_title < '§r§s'))",
        "$shulker_box_color": "shulker_box_undyed.shulker_box_panel"
      }
    ]
  },

  "pocket_colored_shulkers_panel": {
    "type": "panel",
    "$shulker_box_color|default": "colored_shulkers_common.pocket_shulker_box_template",
    "controls": [
      { 
        "shulker_box_panel@$shulker_box_color": {}
      },
      {
        "selected_tool_panel@common.selected_tool_panel": {} // compatibility with durability viewer
      }
    ],
    "variables": [
      {
        "requires": "(($container_title > '§0§r') and ($container_title < '§0§s'))",
        "$shulker_box_color": "shulker_box_black.pocket_shulker_box_panel"
      },      
      {
        "requires": "(($container_title > '§1§r') and ($container_title < '§1§s'))",
        "$shulker_box_color": "shulker_box_blue.pocket_shulker_box_panel"
      },      
      {
        "requires": "(($container_title > '§2§r') and ($container_title < '§2§s'))",
        "$shulker_box_color": "shulker_box_green.pocket_shulker_box_panel"
      },      
      {
        "requires": "(($container_title > '§3§r') and ($container_title < '§3§s'))",
        "$shulker_box_color": "shulker_box_cyan.pocket_shulker_box_panel"
      },      
      {
        "requires": "(($container_title > '§4§r') and ($container_title < '§4§s'))",
        "$shulker_box_color": "shulker_box_red.pocket_shulker_box_panel"
      },      
      {
        "requires": "(($container_title > '§5§r') and ($container_title < '§5§s'))",
        "$shulker_box_color": "shulker_box_purple.pocket_shulker_box_panel"
      },      
      {
        "requires": "(($container_title > '§6§r') and ($container_title < '§6§s'))",
        "$shulker_box_color": "shulker_box_orange.pocket_shulker_box_panel"
      },      
      {
        "requires": "(($container_title > '§7§r') and ($container_title < '§7§s'))",
        "$shulker_box_color": "shulker_box_silver.pocket_shulker_box_panel"
      },      
      {
        "requires": "(($container_title > '§8§r') and ($container_title < '§8§s'))",
        "$shulker_box_color": "shulker_box_gray.pocket_shulker_box_panel"
      },      
      {
        "requires": "(($container_title > '§9§r') and ($container_title < '§9§s'))",
        "$shulker_box_color": "shulker_box_light_blue.pocket_shulker_box_panel"
      },      
      {
        "requires": "(($container_title > '§a§r') and ($container_title < '§a§s'))",
        "$shulker_box_color": "shulker_box_lime.pocket_shulker_box_panel"
      },      
      {
        "requires": "(($container_title > '§c§r') and ($container_title < '§c§s'))",
        "$shulker_box_color": "shulker_box_pink.pocket_shulker_box_panel"
      },      
      {
        "requires": "(($container_title > '§d§r') and ($container_title < '§d§s'))",
        "$shulker_box_color": "shulker_box_magenta.pocket_shulker_box_panel"
      },      
      {
        "requires": "(($container_title > '§e§r') and ($container_title < '§e§s'))",
        "$shulker_box_color": "shulker_box_yellow.pocket_shulker_box_panel"
      },      
      {
        "requires": "(($container_title > '§f§r') and ($container_title < '§f§s'))",
        "$shulker_box_color": "shulker_box_white.pocket_shulker_box_panel"
      },      
      {
        "requires": "(($container_title > '§g§r') and ($container_title < '§g§s'))",
        "$shulker_box_color": "shulker_box_brown.pocket_shulker_box_panel"
      },      
      {
        "requires": "(($container_title > '§r§r') and ($container_title < '§r§s'))",
        "$shulker_box_color": "shulker_box_undyed.pocket_shulker_box_panel"
      }
    ]
  },

  "vdx_colored_shulkers_panel": {
    "type": "panel",
    "$shulker_box_color|default": "chest_dx.full_screen",
    "controls": [
      { 
        "shulker_box_panel@$shulker_box_color": {}
      },
      { 
        "screen_background@java_gui_common.screen_background": { 
          "layer": -10, 
          "ignored": "$is_holographic" 
        } 
      },
      {
        "selected_tool_panel@common.selected_tool_panel": {} // compatibility with durability viewer
      }
    ],
    "variables": [
      {
        "requires": "(($container_title > '§0§r') and ($container_title < '§0§s'))",
        "$shulker_box_color": "shulker_box_black.main_screen_content"
      },      
      {
        "requires": "(($container_title > '§1§r') and ($container_title < '§1§s'))",
        "$shulker_box_color": "shulker_box_blue.main_screen_content"
      },      
      {
        "requires": "(($container_title > '§2§r') and ($container_title < '§2§s'))",
        "$shulker_box_color": "shulker_box_green.main_screen_content"
      },      
      {
        "requires": "(($container_title > '§3§r') and ($container_title < '§3§s'))",
        "$shulker_box_color": "shulker_box_cyan.main_screen_content"
      },      
      {
        "requires": "(($container_title > '§4§r') and ($container_title < '§4§s'))",
        "$shulker_box_color": "shulker_box_red.main_screen_content"
      },      
      {
        "requires": "(($container_title > '§5§r') and ($container_title < '§5§s'))",
        "$shulker_box_color": "shulker_box_purple.main_screen_content"
      },      
      {
        "requires": "(($container_title > '§6§r') and ($container_title < '§6§s'))",
        "$shulker_box_color": "shulker_box_orange.main_screen_content"
      },      
      {
        "requires": "(($container_title > '§7§r') and ($container_title < '§7§s'))",
        "$shulker_box_color": "shulker_box_silver.main_screen_content"
      },      
      {
        "requires": "(($container_title > '§8§r') and ($container_title < '§8§s'))",
        "$shulker_box_color": "shulker_box_gray.main_screen_content"
      },      
      {
        "requires": "(($container_title > '§9§r') and ($container_title < '§9§s'))",
        "$shulker_box_color": "shulker_box_light_blue.main_screen_content"
      },      
      {
        "requires": "(($container_title > '§a§r') and ($container_title < '§a§s'))",
        "$shulker_box_color": "shulker_box_lime.main_screen_content"
      },      
      {
        "requires": "(($container_title > '§c§r') and ($container_title < '§c§s'))",
        "$shulker_box_color": "shulker_box_pink.main_screen_content"
      },      
      {
        "requires": "(($container_title > '§d§r') and ($container_title < '§d§s'))",
        "$shulker_box_color": "shulker_box_magenta.main_screen_content"
      },      
      {
        "requires": "(($container_title > '§e§r') and ($container_title < '§e§s'))",
        "$shulker_box_color": "shulker_box_yellow.main_screen_content"
      },      
      {
        "requires": "(($container_title > '§f§r') and ($container_title < '§f§s'))",
        "$shulker_box_color": "shulker_box_white.main_screen_content"
      },      
      {
        "requires": "(($container_title > '§g§r') and ($container_title < '§g§s'))",
        "$shulker_box_color": "shulker_box_brown.main_screen_content"
      },      
      {
        "requires": "(($container_title > '§r§r') and ($container_title < '§r§s'))",
        "$shulker_box_color": "shulker_box_undyed.main_screen_content"
      }
    ]
  },

  "vdx_background_images": {
    "type": "panel",
    "$shulker_box_color|default": "shulker_box_java_dx.dialog_bg_shulker_box",
    "controls": [
      { 
        "shulker_box_background@$shulker_box_color": {}
      }
    ],
    "variables": [
      {
        "requires": "(($container_title > '§0§r') and ($container_title < '§0§s'))",
        "$shulker_box_color": "shulker_box_black.bg_image"
      },      
      {
        "requires": "(($container_title > '§1§r') and ($container_title < '§1§s'))",
        "$shulker_box_color": "shulker_box_blue.bg_image"
      },      
      {
        "requires": "(($container_title > '§2§r') and ($container_title < '§2§s'))",
        "$shulker_box_color": "shulker_box_green.bg_image"
      },      
      {
        "requires": "(($container_title > '§3§r') and ($container_title < '§3§s'))",
        "$shulker_box_color": "shulker_box_cyan.bg_image"
      },      
      {
        "requires": "(($container_title > '§4§r') and ($container_title < '§4§s'))",
        "$shulker_box_color": "shulker_box_red.bg_image"
      },      
      {
        "requires": "(($container_title > '§5§r') and ($container_title < '§5§s'))",
        "$shulker_box_color": "shulker_box_purple.bg_image"
      },      
      {
        "requires": "(($container_title > '§6§r') and ($container_title < '§6§s'))",
        "$shulker_box_color": "shulker_box_orange.bg_image"
      },      
      {
        "requires": "(($container_title > '§7§r') and ($container_title < '§7§s'))",
        "$shulker_box_color": "shulker_box_silver.bg_image"
      },      
      {
        "requires": "(($container_title > '§8§r') and ($container_title < '§8§s'))",
        "$shulker_box_color": "shulker_box_gray.bg_image"
      },      
      {
        "requires": "(($container_title > '§9§r') and ($container_title < '§9§s'))",
        "$shulker_box_color": "shulker_box_light_blue.bg_image"
      },      
      {
        "requires": "(($container_title > '§a§r') and ($container_title < '§a§s'))",
        "$shulker_box_color": "shulker_box_lime.bg_image"
      },      
      {
        "requires": "(($container_title > '§c§r') and ($container_title < '§c§s'))",
        "$shulker_box_color": "shulker_box_pink.bg_image"
      },      
      {
        "requires": "(($container_title > '§d§r') and ($container_title < '§d§s'))",
        "$shulker_box_color": "shulker_box_magenta.bg_image"
      },      
      {
        "requires": "(($container_title > '§e§r') and ($container_title < '§e§s'))",
        "$shulker_box_color": "shulker_box_yellow.bg_image"
      },      
      {
        "requires": "(($container_title > '§f§r') and ($container_title < '§f§s'))",
        "$shulker_box_color": "shulker_box_white.bg_image"
      },      
      {
        "requires": "(($container_title > '§g§r') and ($container_title < '§g§s'))",
        "$shulker_box_color": "shulker_box_brown.bg_image"
      },      
      {
        "requires": "(($container_title > '§r§r') and ($container_title < '§r§s'))",
        "$shulker_box_color": "shulker_box_undyed.bg_image"
      }
    ]
  }
}