{
  // Why did I modify the content log?
  // Because this pack spits out a really dumb UI warning.
  
  "content_log_message": {
    "modifications": [
      {
        "array_name": "bindings",
        "operation": "insert_back",
        "value": {
          "binding_type": "view",
          "source_property_name": "(((#text - 'In UI scene: chest.shulker_box_screen | ') < \"[UI][warning]-Expected variable not found in ancestor tree: '$stone_background_resolution'\") or ((#text - 'In UI scene: chest.shulker_box_screen | ') > \"[UI][warning]-Expected variable not found in ancestor tree: '$stone_background_resolution(\"))",
          "target_property_name": "#visible"
        }
      }
    ]
  }
}