{
  "namespace": "shulker_box_undyed",

  "bg_image": {
    "type": "image",
    "layer": 1,
    "texture": "textures/colored_shulkers/undyed_shulker_box"
  },

  "cell_image": {
    "type": "image",
    "texture": "textures/colored_shulkers/undyed_cell",
    "layer": 1
  },
	
	"normal_cell_image": {
    "type": "image",
    "texture": "textures/colored_shulkers/cell_image",
    "layer": 1
  },

  "container_label@chest.chest_label": {
    "color": [ 1, 1, 1 ]
  },

  "bg_panel@common.common_panel": {
    "$dialog_background": "bg_image"
  },

  "container_grid_item@common.container_item": {
    "$background_images": "cell_image",
    "$button_ref": "colored_shulkers_common.container_button",
    "$item_collection_name": "container_items"
  },

  "hotbar_grid_item@common.container_item": {
    "$background_images": "normal_cell_image",
    "$button_ref": "colored_shulkers_common.container_button",
    "$item_collection_name": "hotbar_items"
  },

  "inventory_grid_item@common.container_item": {
    "$background_images": "normal_cell_image",
    "$button_ref": "colored_shulkers_common.container_button",
    "$item_collection_name": "inventory_items"
  },

  "container_contents@colored_shulkers_common.container_contents": {
    "$grid_template": "shulker_box_undyed.container_grid_item",
    "$label": "shulker_box_undyed.container_label"
  },

  "hotbar_contents@colored_shulkers_common.hotbar_contents": {
    "$grid_template": "shulker_box_undyed.hotbar_grid_item"
  },

  "inventory_contents@colored_shulkers_common.inventory_contents": {
    "$grid_template": "shulker_box_undyed.inventory_grid_item",
    "$label_color": [ 1, 1, 1 ]
  },

  "shulker_box_panel@colored_shulkers_common.colored_shulker_template": {
    "$bg_panel": "shulker_box_undyed.bg_panel",
    "$container_contents": "shulker_box_undyed.container_contents",
    "$hotbar_contents": "shulker_box_undyed.hotbar_contents",
    "$inventory_contents": "shulker_box_undyed.inventory_contents",
    "ignored": "(not (($container_title > '§r§r') and ($container_title < '§r§s')))"
  },

  // POCKET AREA

  "generic_label@pocket_containers.generic_label": {
    "color": [ 1, 1, 1 ]
  },

  "header_panel@colored_shulkers_common.header_panel": {
    "$label": "shulker_box_undyed.generic_label"
  },

  "background_panel@pocket_containers.background_panel": {
    "texture": "textures/colored_shulkers/undyed"
  },

  "header_area@colored_shulkers_common.header_area": {
    "$texture": "textures/colored_shulkers/undyed",
    "$header_panel": "shulker_box_undyed.header_panel"
  },

  "pocket_ui_container_item@common.pocket_ui_container_item": {
    "$background_images": "cell_image",
    "$button_ref": "colored_shulkers_common.container_button"
  },

  "inventory_grid@pocket_containers.inventory_grid": {
    "grid_item_template": "shulker_box_undyed.pocket_ui_container_item"
  },

  "inventory_panel@colored_shulkers_common.inventory_panel": {
    "$content_panel": "shulker_box_undyed.inventory_grid",
    "$cell_texture": "textures/colored_shulkers/undyed_cell"
  },

  "half_screen@pocket_containers.half_screen": {
    "controls": [
      { "inventory_panel@shulker_box_undyed.inventory_panel": {} }
    ]
  },

  "pocket_shulker_box_panel@colored_shulkers_common.pocket_shulker_box_template": {
    "$header": "shulker_box_undyed.header_area",
    "$bg": "shulker_box_undyed.background_panel",
    "$half_screen": "shulker_box_undyed.half_screen",
    "ignored": "(not (($container_title > '§r§r') and ($container_title < '§r§s')))"
  },

  // VDX AREA

  "shulker_top_half@colored_shulkers_common.shulker_top_half": {
    "$label_location": "shulker_box_undyed.container_label"
  },

  "shulker_panel@colored_shulkers_common.shulker_panel": {
    "$background_images": "shulker_box_undyed.cell_image",
    "$chest_panel_top_half": "shulker_box_undyed.shulker_top_half",
    "$shulker_label_color": [ 1, 1, 1 ],
    "$bg_image": "shulker_box_undyed.cell_image"
  },

  "main_screen_content@colored_shulkers_common.main_screen_content": {
    "$shulker_panel": "shulker_box_undyed.shulker_panel",
    "ignored": "(not (($container_title > '§r§r') and ($container_title < '§r§s')))"
  }
}