{"SyndiShanX_20923.zip":{"D":1548041957,"S":[128,64],"Z":"set","T":"dokucraft-light,entity,sign","P":[6677]},"SyndiShanX_20924.zip":{"D":1548041957,"S":[32,32],"Z":"set","T":"dokucraft-light,item,sign","P":[306]},"SyndiShanX_20930.zip":{"D":1548126558,"S":[128,64],"Z":"set","T":"dokucraft-dark,entity,sign","P":[6677]},"SyndiShanX_20931.zip":{"D":1548126558,"S":[32,32],"Z":"set","T":"dokucraft-dark,item,sign","P":[306]},"SyndiShanX_20932.zip":{"D":1548126558,"S":[128,64],"Z":"set","T":"dokucraft-high,entity,sign","P":[6677]},"SyndiShanX_20933.zip":{"D":1548126558,"S":[32,32],"Z":"set","T":"dokucraft-high,item,sign","P":[306]},"SyndiShanX_20935.zip":{"D":1548436484,"S":[248,395],"Z":"model","T":"dokucraft-light,lantern","F":"0a556af3bc804160a33eafec8f1bd223"},"SyndiShanX_20936.zip":{"D":1548436484,"S":[248,395],"Z":"model","T":"dokucraft-high,lantern"},"SyndiShanX_20937.zip":{"D":1548436484,"S":[248,395],"Z":"model","T":"dokucraft-dark,lantern"},"SyndiShanX_20938.zip":{"D":1548754327,"S":[448,510],"Z":"model","T":"stairs"},"SyndiShanX_20944.zip":{"D":1548884736,"S":[185,267],"Z":"set","T":"dokucraft-light,lantern","P":[3727]},"SyndiShanX_20945.zip":{"D":1548884736,"S":[185,267],"Z":"set","T":"dokucraft-dark,lantern","P":[4341]},"SyndiShanX_20946.zip":{"D":1548884736,"S":[185,267],"Z":"set","T":"dokucraft-high,lantern","P":[4340]},"SyndiShanX_20947.zip":{"D":1548964261,"S":[358,415],"Z":"set","T":"bell,dokucraft-light","P":[19726]},"SyndiShanX_20948.zip":{"D":1548964261,"S":[358,415],"Z":"set","T":"bell,dokucraft-dark","P":[19726]},"SyndiShanX_20949.zip":{"D":1548964261,"S":[358,415],"Z":"set","T":"bell,dokucraft-high","P":[19726]},"SyndiShanX_20951.zip":{"D":1548986650,"S":[455,470],"Z":"set","T":"bamboo,dokucraft-light,scaffolding","P":[15702,20820]},"SyndiShanX_20952.zip":{"D":1548986650,"S":[455,470],"Z":"set","T":"bamboo,dokucraft-dark,scaffolding","P":[15702,20820]},"SyndiShanX_20953.zip":{"D":1548986650,"S":[455,470],"Z":"set","T":"bamboo,dokucraft-high,scaffolding","P":[15702,20820]},"SyndiShanX_20954.zip":{"D":1548986784,"S":[411,495],"Z":"set","T":"dokucraft-light,lectern","P":[449,20257]},"SyndiShanX_20955.zip":{"D":1548986784,"S":[411,495],"Z":"set","T":"dokucraft-dark,lectern","P":[461,20257]},"SyndiShanX_20956.zip":{"D":1548986784,"S":[411,495],"Z":"set","T":"dokucraft-high,lectern","P":[455,20257]},"SyndiShanX_20959.zip":{"D":1549065779,"S":[256,256],"Z":"set","T":"blast-furnace-gui,cartography-table-gui,dokucraft-light,furnace-gui,grindstone-gui,loom-gui,smoker-gui,stonecutter-gui","P":[2017]},"SyndiShanX_20960.zip":{"D":1549065779,"S":[256,256],"Z":"set","T":"blast-furnace-gui,cartography-table-gui,dokucraft-high,furnace-gui,grindstone-gui,loom-gui,smoker-gui,stonecutter-gui","P":[506]},"SyndiShanX_20961.zip":{"D":1549065779,"S":[256,256],"Z":"set","T":"blast-furnace-gui,cartography-table-gui,dokucraft-dark,furnace-gui,grindstone-gui,loom-gui,smoker-gui,stonecutter-gui","P":[587]},"SyndiShanX_20967.zip":{"D":1549340868,"S":[256,128],"Z":"set","T":"acacia,birch,boat,dark-oak,dokucraft-dark,jungle,oak,spruce"},"SyndiShanX_20968.zip":{"D":1549340868,"S":[256,128],"Z":"set","T":"acacia,birch,boat,dark-oak,dokucraft-high,jungle,oak,spruce"},"SyndiShanX_20969.zip":{"D":1549340868,"S":[256,256],"Z":"set","T":"dokucraft-light,gui,just-enough-items","P":[2017]},"SyndiShanX_20970.zip":{"D":1549340868,"S":[256,256],"Z":"set","T":"dokucraft-dark,gui,just-enough-items","P":[587]},"SyndiShanX_20971.zip":{"D":1549340868,"S":[256,256],"Z":"set","T":"dokucraft-high,gui,just-enough-items","P":[506]},"SyndiShanX_20972.zip":{"D":1549403871,"S":[32,32],"Z":"set","T":"bush,dokucraft-light,item,sweet-berry","P":[18831]},"SyndiShanX_20973.zip":{"D":1549403871,"S":[32,32],"Z":"set","T":"bush,dokucraft-dark,item,sweet-berry","P":[18831]},"SyndiShanX_20974.zip":{"D":1549403871,"S":[32,32],"Z":"set","T":"bush,dokucraft-high,item,sweet-berry","P":[18831]},"SyndiShanX_21055.zip":{"D":1550220325,"S":[32,32],"Z":"set","T":"bamboo,dokucraft-light,sapling"},"SyndiShanX_21056.zip":{"D":1550220325,"S":[32,32],"Z":"set","T":"bamboo,dokucraft-dark,sapling"},"SyndiShanX_21057.zip":{"D":1550220325,"S":[32,32],"Z":"set","T":"bamboo,dokucraft-high,sapling"},"SyndiShanX_21075.zip":{"D":1550884072,"S":[32,32],"Z":"set","T":"crossbow,dokucraft-dark","P":[20823,20824,20825,20826,20827,20828]},"SyndiShanX_21076.zip":{"D":1550884072,"S":[32,32],"Z":"set","T":"crossbow,dokucraft-high","P":[20823,20824,20825,20826,20827,20828]},"SyndiShanX_21146.png":{"D":1552531695,"S":[32,32],"T":"barrel,dokucraft-dark,wood","P":[20849]},"SyndiShanX_21147.png":{"D":1552531695,"S":[32,32],"T":"barrel,dokucraft-high,wood","P":[20854]},"SyndiShanX_21148.png":{"D":1552531695,"S":[32,32],"T":"barrel,dokucraft-light,wood","P":[20850]},"SyndiShanX_21149.zip":{"D":1552532134,"S":[430,441],"Z":"model","T":"dokucraft-dark,fletching-table","P":[21073]},"SyndiShanX_21150.zip":{"D":1552532134,"S":[430,441],"Z":"model","T":"dokucraft-high,fletching-table","P":[21073]},"SyndiShanX_21151.zip":{"D":1552532907,"S":[513,513],"Z":"model","T":"dokucraft-dark,loom","P":[21071]},"SyndiShanX_21152.zip":{"D":1552532907,"S":[513,513],"Z":"model","T":"dokucraft-high,loom","P":[21071]},"SyndiShanX_21153.zip":{"D":1552533488,"S":[264,334],"Z":"model","T":"dokucraft-dark,grindstone","P":[20981]},"SyndiShanX_21154.zip":{"D":1552533488,"S":[264,334],"Z":"model","T":"dokucraft-high,grindstone","P":[20981]},"SyndiShanX_21155.png":{"D":1552533973,"S":[32,32],"T":"dokucraft-dark,lily-of-the-valley"},"SyndiShanX_21156.png":{"D":1552533973,"S":[32,32],"T":"cornflower,dokucraft-dark"},"SyndiShanX_21157.zip":{"D":1552536135,"S":[32,32],"Z":"set","T":"campfire,dokucraft-dark","P":[21084,21085,21086,21087]},"SyndiShanX_21158.zip":{"D":1552536135,"S":[32,32],"Z":"set","T":"campfire,dokucraft-high","P":[21084,21085,21086,21087]},"SyndiShanX_21159.zip":{"D":1552536135,"S":[513,513],"Z":"set","T":"dokucraft-dark,smithing-table","P":[20162,21059,21060,21061,21067]},"SyndiShanX_21160.zip":{"D":1552536135,"S":[513,513],"Z":"set","T":"dokucraft-high,smithing-table","P":[20162,21059,21060,21061,21067]},"SyndiShanX_21161.zip":{"D":1552536135,"S":[513,513],"Z":"set","T":"dokucraft-dark,smoker","P":[21093,21094,21095,21096]},"SyndiShanX_21162.zip":{"D":1552536135,"S":[513,513],"Z":"set","T":"dokucraft-high,smoker","P":[21093,21094,21095,21096]},"SyndiShanX_21163.zip":{"D":1552537162,"S":[32,32],"Z":"set","T":"bush,dokucraft-dark,sweet-berry","P":[21077,21097,21098,21099,21115]},"SyndiShanX_21164.zip":{"D":1552537162,"S":[32,32],"Z":"set","T":"bush,dokucraft-high,sweet-berry","P":[21077,21097,21098,21099,21115]},"SyndiShanX_21165.zip":{"D":1552590599,"S":[461,435],"Z":"model","T":"dokucraft-dark,stonecutter","P":[20975]},"SyndiShanX_21166.zip":{"D":1552590599,"S":[461,435],"Z":"model","T":"dokucraft-high,stonecutter","P":[20975]},"SyndiShanX_21169.png":{"D":1552794343,"S":[32,32],"T":"bamboo,dokucraft-dark,sapling","P":[21078]},"SyndiShanX_21170.png":{"D":1552794343,"S":[32,32],"T":"bamboo,dokucraft-high,sapling","P":[21078]},"SyndiShanX_21171.png":{"D":1552798953,"S":[32,1280],"T":"brewing-stand,dokucraft-high","M":1,"P":[9016],"A":1},"SyndiShanX_21184.zip":{"D":1553639376,"S":[32,32],"Z":"cit","T":"dokucraft-light,nether-wart","P":[18892]},"SyndiShanX_21191.zip":{"D":1554074166,"S":[32,32],"Z":"cit","T":"cocoa-beans,dokucraft-light"},"SyndiShanX_21195.png":{"D":1554092144,"S":[1024,512],"P":[21118],"T":"dokucraft-light,villager-gui"},"SyndiShanX_21196.png":{"D":1554092144,"S":[1024,512],"P":[21118],"T":"dokucraft-dark,villager-gui"},"SyndiShanX_21197.png":{"D":1554092144,"S":[1024,512],"P":[21118],"T":"dokucraft-high,villager-gui"},"SyndiShanX_21198.png":{"D":1554092144,"S":[64,128],"T":"accessibility,dokucraft-light,gui"},"SyndiShanX_21199.png":{"D":1554092144,"S":[64,128],"T":"accessibility,dokucraft-dark,gui"},"SyndiShanX_21200.png":{"D":1554092144,"S":[64,128],"T":"accessibility,dokucraft-high,gui"},"SyndiShanX_21253.png":{"D":1555294558,"S":[64,128],"T":"checkbox,dokucraft-light"},"SyndiShanX_21254.png":{"D":1555294558,"S":[64,128],"T":"checkbox,dokucraft-dark"},"SyndiShanX_21255.png":{"D":1555294558,"S":[64,128],"T":"checkbox,dokucraft-high"},"SyndiShanX_21263.png":{"D":1555442811,"S":[128,64],"P":["Dokucraft Light"],"T":"brown-mooshroom,dokucraft-light"},"SyndiShanX_21264.png":{"D":1555442811,"S":[128,64],"P":["Dokucraft Dark"],"T":"brown-mooshroom,dokucraft-dark"},"SyndiShanX_21265.png":{"D":1555442811,"S":[128,64],"P":["Dokucraft High"],"T":"brown-mooshroom,dokucraft-high"},"SyndiShanX_21266.png":{"D":1555442811,"S":[128,128],"P":[4280,19432,21256],"T":"villager,wandering-trader"},"SyndiShanX_21267.png":{"D":1555442811,"S":[256,128],"P":[19648,19649,19655,19663],"T":"llama-saddle"},"SyndiShanX_21294.png":{"D":1555828391,"S":[32,32],"P":[21096,"Dokucraft Light"],"T":"campfire,dokucraft-light,log"},"SyndiShanX_21295.png":{"D":1555828391,"S":[32,32],"P":[21096,"Dokucraft High"],"T":"campfire,dokucraft-high,log"},"SyndiShanX_21296.png":{"D":1555828391,"S":[32,32],"P":[21096,"Dokucraft Dark"],"T":"campfire,dokucraft-dark,log"},"SyndiShanX_21297.png":{"D":1555828391,"S":[32,32],"P":[21087,"Dokucraft Light"],"T":"campfire,dokucraft-light,fire,log"},"SyndiShanX_21298.png":{"D":1555828391,"S":[32,32],"P":[21087,"Dokucraft High"],"T":"campfire,dokucraft-high,fire,log"},"SyndiShanX_21299.png":{"D":1555828391,"S":[32,32],"P":[21087,"Dokucraft Dark"],"T":"campfire,dokucraft-dark,fire,log"},"SyndiShanX_21300.png":{"D":1555828391,"S":[32,32],"P":[21087,"Dokucraft Light"],"T":"campfire,charcoal,dokucraft-light"},"SyndiShanX_21301.png":{"D":1555828391,"S":[32,32],"P":[21087,"Dokucraft High"],"T":"campfire,charcoal,dokucraft-high"},"SyndiShanX_21302.png":{"D":1555828391,"S":[32,32],"P":[21087,"Dokucraft Dark"],"T":"campfire,charcoal,dokucraft-dark"},"SyndiShanX_21319.zip":{"D":1557116354,"S":[1366,1366],"Z":"model","T":"dokucraft-light,sapling"},"SyndiShanX_21320.png":{"D":1557117118,"S":[128,128],"T":"dokucraft-light,horse-armor,leather"},"SyndiShanX_21321.png":{"D":1557117118,"S":[32,32],"T":"dokucraft-light,horse-armor,item,leather"},"SyndiShanX_21325.zip":{"D":1557436199,"S":[704,704],"Z":"ctm","P":[21074],"T":"dirt,dokucraft-light,grass,gravel,sand,stone"},"SyndiShanX_21335.zip":{"D":1557837175,"S":[96,96],"Z":"set","P":[2764,20717],"T":"bottle,dragon-breath,lingering,potion,splash"},"SyndiShanX_21380.png":{"D":1558286980,"S":[32,256],"P":[21087],"T":"campfire,dokucraft-light","M":1,"A":1},"SyndiShanX_21381.png":{"D":1558286980,"S":[32,256],"P":[21087],"T":"campfire,dokucraft-dark","M":1,"A":1},"SyndiShanX_21382.png":{"D":1558286980,"S":[32,256],"P":[21087],"T":"campfire,dokucraft-high","M":1,"A":1},"SyndiShanX_21383.png":{"D":1558287148,"S":[32,640],"P":[10792],"T":"block,dokucraft-dark,redstone","M":1,"A":1},"SyndiShanX_21415.png":{"D":1558799671,"S":[32,768],"P":[8967],"T":"fire","A":1},"SyndiShanX_21421.zip":{"D":1558820006,"S":[128,896],"Z":"set","P":[21390],"T":"villager,zombie","M":1,"A":1},"SyndiShanX_21422.png":{"D":1558843875,"S":[32,32],"P":[20951],"T":"bamboo,dokucraft-light,scaffolding"},"SyndiShanX_21423.png":{"D":1558843875,"S":[32,32],"P":[20951],"T":"bamboo,dokucraft-light,scaffolding"},"SyndiShanX_21424.png":{"D":1558843875,"S":[32,32],"P":[20951],"T":"bamboo,dokucraft-light,scaffolding"},"SyndiShanX_21425.png":{"D":1558843920,"S":[32,32],"P":[20952],"T":"bamboo,dokucraft-dark,scaffolding"},"SyndiShanX_21426.png":{"D":1558843920,"S":[32,32],"P":[20952],"T":"bamboo,dokucraft-dark,scaffolding"},"SyndiShanX_21427.png":{"D":1558843920,"S":[32,32],"P":[20952],"T":"bamboo,dokucraft-dark,scaffolding"},"SyndiShanX_21428.png":{"D":1558843956,"S":[32,32],"P":[20953],"T":"bamboo,dokucraft-high,scaffolding"},"SyndiShanX_21429.png":{"D":1558843956,"S":[32,32],"P":[20953],"T":"bamboo,dokucraft-high,scaffolding"},"SyndiShanX_21430.png":{"D":1558843956,"S":[32,32],"P":[20953],"T":"bamboo,dokucraft-high,scaffolding"},"SyndiShanX_21431.zip":{"D":1558886310,"S":[64,64],"Z":"ctm","P":[21132],"T":"dokucraft-high,glass"},"SyndiShanX_21435.png":{"D":1559078197,"S":[32,32],"T":"camera,item"},"SyndiShanX_21436.png":{"D":1559078943,"S":[32,32],"P":[15242],"T":"crown,gold,ruby"},"SyndiShanX_21766.png":{"D":1559627183,"S":[32,1280],"P":[9016],"T":"brewing-stand,dokucraft-dark","M":1,"A":1},"SyndiShanX_21767.png":{"D":1559627183,"S":[32,1280],"P":[9016],"T":"brewing-stand,dokucraft-light","A":1},"SyndiShanX_22152.zip":{"D":1560554810,"S":[128,64],"Z":"set","P":[20932,20932],"T":"block,dokucraft-high,item,sign"},"SyndiShanX_22153.zip":{"D":1560554810,"S":[128,64],"Z":"set","P":[20930,20931],"T":"block,dokucraft-dark,item,sign"},"SyndiShanX_22154.zip":{"D":1560554810,"S":[128,64],"Z":"set","P":[20923,20924],"T":"block,dokucraft-light,item,sign"},"SyndiShanX_22242.png":{"D":1561070693,"S":[48,96],"P":[21117],"T":"dokucraft-high,lantern","M":1,"A":1},"SyndiShanX_22243.png":{"D":1561070693,"S":[48,96],"P":[20946],"T":"dokucraft-light,lantern","M":1,"A":1},"SyndiShanX_22244.png":{"D":1561070693,"S":[48,96],"P":[20945],"T":"dokucraft-dark,lantern","M":1,"A":1},"SyndiShanX_22264.png":{"D":1561158373,"S":[512,512],"T":"font"},"SyndiShanX_22307.png":{"D":1561359592,"S":[32,2048],"P":[4748,7241],"T":"dokucraft-light,torch","M":1,"A":1},"SyndiShanX_22308.png":{"D":1561359592,"S":[32,2048],"P":[4748,7241],"T":"dokucraft-high,torch","M":1,"A":1},"SyndiShanX_22309.png":{"D":1561359592,"S":[32,2048],"P":[4748,7241],"T":"dokucraft-dark,torch","M":1,"A":1},"SyndiShanX_22311.zip":{"D":1561365037,"S":[225,357],"Z":"model","P":[20473],"T":"dokucraft-dwarven,lantern"},"SyndiShanX_22312.zip":{"D":1561372071,"S":[1024,1024],"Z":"set","P":[22008],"T":"dokucraft-dwarven,gui,logo"},"SyndiShanX_22462.png":{"D":1562653118,"S":[128,128],"P":[11034],"T":"dokucraft-light,ender-chest"},"SyndiShanX_22664.png":{"D":1564002070,"S":[32,32],"P":[9056,"Dokucraft Light"],"T":"chunk,diamond,dokucraft-light,ore"},"SyndiShanX_22665.png":{"D":1564002070,"S":[32,32],"P":[11596,"Dokucraft Light"],"T":"chunk,diamond,dokucraft-light,ore"},"SyndiShanX_22666.png":{"D":1564004742,"S":[32,32],"P":[7543],"T":"chunk,dokucraft-light,emerald,ore"},"SyndiShanX_22667.png":{"D":1564004742,"S":[32,32],"P":[7534],"T":"chunk,dokucraft-light,emerald,ore"},"SyndiShanX_22668.png":{"D":1564006918,"S":[32,32],"P":[12697],"T":"chunk,coal,dokucraft-light,ore"},"SyndiShanX_22669.png":{"D":1564006918,"S":[32,32],"P":[6841],"T":"chunk,coal,dokucraft-light,ore"},"SyndiShanX_22689.png":{"D":1564023143,"S":[32,416],"P":[9056,22664],"T":"chunk,diamond,dokucraft-light,ore","M":1,"A":1},"SyndiShanX_22784.png":{"D":1564543108,"S":[32,128],"P":["Dokucraft Dwarven"],"T":"block,dokucraft-dwarven,magma","M":1,"A":1},"SyndiShanX_22823.zip":{"D":1564918863,"S":[512,2048],"Z":"model","P":[22194,22265],"T":"dokucraft-light,hopper","M":1,"A":1},"SyndiShanX_22913.png":{"D":1565409189,"S":[32,32],"P":[13738,18883,19692],"T":"handsaw"},"SyndiShanX_22914.png":{"D":1565410779,"S":[32,32],"P":[16335,18883,19692],"T":"handsaw"},"SyndiShanX_22916.png":{"D":1565460082,"S":[64,512],"P":[22773,22786],"T":"bottle,dokucraft-light,dragon-breath","M":1,"A":1},"SyndiShanX_22917.png":{"D":1565460410,"S":[32,32],"P":[15269],"T":"book,dokucraft-dwarven"},"SyndiShanX_22918.zip":{"D":1565460850,"S":[420,378],"Z":"set","P":["Dokucraft Dwarven"],"T":"dokucraft-dwarven,minecart"},"SyndiShanX_22919.zip":{"D":1565461260,"S":[420,378],"Z":"set","P":["Dokucraft Light"],"T":"dokucraft-light,minecart"},"SyndiShanX_22920.zip":{"D":1565461260,"S":[420,378],"Z":"set","P":["Dokucraft High"],"T":"dokucraft-high,minecart"},"SyndiShanX_22921.zip":{"D":1565461367,"S":[420,378],"Z":"set","P":["Dokucraft Dark"],"T":"dokucraft-dark,minecart"},"SyndiShanX_22970.png":{"D":1566300088,"S":[64,64],"P":[20819],"T":"bamboo,leaves"},"SyndiShanX_22971.png":{"D":1566300088,"S":[64,64],"P":[20820],"T":"bamboo"},"SyndiShanX_22972.png":{"D":1566300088,"S":[64,64],"P":[21078],"T":"bamboo"},"SyndiShanX_22973.png":{"D":1566300088,"S":[64,64],"P":[21114],"T":"bamboo,leaves"},"SyndiShanX_22974.zip":{"D":1566300557,"S":[64,768],"Z":"set","P":[19122,21130],"T":"particle-effect","M":1,"A":1},"SyndiShanX_23031.zip":{"D":1566744185,"S":[32,32],"Z":"model","P":["Dokucraft Light"],"T":"frame"},"SyndiShanX_23062.zip":{"D":1566924943,"S":[128,64],"Z":"set","P":[5664,20684,20742,20743],"T":"conduit"},"SyndiShanX_23063.zip":{"D":1566937151,"S":[128,512],"Z":"model","P":[22823],"T":"dokucraft-high,hopper","M":1,"A":1},"SyndiShanX_23064.zip":{"D":1566937151,"S":[128,512],"Z":"model","P":[22823],"T":"dokucraft-dark,hopper","M":1,"A":1},"SyndiShanX_23065.zip":{"D":1566939927,"S":[128,512],"Z":"model","P":[22823,"Dokucraft Dwarven"],"T":"dokucraft-dwarven,hopper","M":1,"A":1},"SyndiShanX_23066.zip":{"D":1567022366,"S":[512,4096],"Z":"model","P":["Dokucraft Light"],"T":"wheat","M":1,"A":1},"SyndiShanX_23067.zip":{"D":1567028484,"S":[32,192],"Z":"set","P":[22134,22135,22136,22137,22138,22139],"T":"item,sapling","M":1,"A":1},"SyndiShanX_23102.zip":{"D":1567570613,"S":[16,160],"Z":"set","P":["Dokucraft Light"],"T":"animated,cow,eyes","M":1,"A":1},"SyndiShanX_23103.zip":{"D":1567572448,"S":[16,160],"Z":"set","P":["Dokucraft High"],"T":"animated,cow,dokucraft-high,eyes","M":1,"A":1},"SyndiShanX_23104.zip":{"D":1567573791,"S":[16,80],"Z":"set","P":["Dokucraft Dark"],"T":"animated,cow,dokucraft-dark,eyes","M":1,"A":1},"SyndiShanX_23139.zip":{"D":1569114467,"S":[32,128],"Z":"set","P":[22998,23008,23015,23016,23017,23018,23021,23022,23023,23024,23025],"T":"beehive,beenest,dokucraft-high,honey,honeycomb","M":1,"A":1},"SyndiShanX_23140.zip":{"D":1569114467,"S":[32,128],"Z":"set","P":[22998,23008,23015,23016,23017,23018,23021,23022,23023,23024,23025],"T":"beehive,beenest,dokucraft-dark,honey,honeycomb","M":1,"A":1},"SyndiShanX_23144.zip":{"D":1569191976,"S":[128,128],"Z":"set","P":["Dokucraft Light"],"T":"chest"},"SyndiShanX_23149.zip":{"D":1569621915,"S":[128,128],"Z":"set","P":["Dokucraft Light"],"T":"banner-pattern"},"SyndiShanX_23315.zip":{"D":1573658720,"S":[305,305],"Z":"model","P":["Dokucraft Light"],"T":"dokucraft-light,slab,snow"},"SyndiShanX_23316.zip":{"D":1573658720,"S":[305,305],"Z":"model","P":["Dokucraft Light"],"T":"dokucraft-light,snow,stairs"},"SyndiShanX_23317.zip":{"D":1573753370,"S":[305,305],"Z":"model","P":[23316,"Dokucraft Dark"],"T":"dokucraft-dark,snow,stairs"},"SyndiShanX_23318.zip":{"D":1573753370,"S":[305,305],"Z":"model","P":[23316,"Dokucraft Dark"],"T":"dokucraft-dark,slab,snow"},"SyndiShanX_23319.zip":{"D":1573753370,"S":[305,305],"Z":"model","P":[23316,"Dokucraft High"],"T":"dokucraft-high,slab,snow"},"SyndiShanX_23320.zip":{"D":1573753370,"S":[305,305],"Z":"model","P":[23316,"Dokucraft High"],"T":"dokucraft-high,snow,stairs"},"SyndiShanX_23383.zip":{"D":1576110755,"S":[305,305],"Z":"model","P":[23223],"T":"block,dokucraft-high,honey"},"SyndiShanX_23384.zip":{"D":1576110755,"S":[305,305],"Z":"model","P":[23223],"T":"block,dokucraft-dark,honey"},"SyndiShanX_23385.zip":{"D":1576227007,"S":[128,128],"Z":"set","P":["Dokucraft Light"],"T":"block,chest,dokucraft-light"},"SyndiShanX_23386.zip":{"D":1576228499,"S":[128,128],"Z":"set","P":["Dokucraft High"],"T":"block,chest,dokucraft-high"},"SyndiShanX_23387.zip":{"D":1576228499,"S":[128,128],"Z":"set","P":["Dokucraft Dark"],"T":"block,chest,dokucraft-dark"},"SyndiShanX_23388.png":{"D":1576229124,"S":[196,196],"P":["Dokucraft Light"],"T":"map"},"SyndiShanX_23417.zip":{"D":1576948806,"S":[1024,1024],"Z":"set","P":["Dokucraft Dwarven"],"T":"accessibility,blast-furnace-gui,cartography-table-gui,checkbox,dokucraft-dwarven,grindstone-gui,gui,loom-gui,player-inventory,smoker-gui,stonecutter-gui,villager-gui"},"SyndiShanX_23422.zip":{"D":1577057665,"S":[512,1024],"Z":"model","P":[22940],"T":"redstone,torch","M":1,"A":1},"SyndiShanX_23432.zip":{"D":1577498412,"S":[256,768],"Z":"set","P":[23390,23391,23392],"T":"cracked,dokucraft-dark,golem,iron","M":1,"A":1},"SyndiShanX_23447.zip":{"D":1577680188,"S":[188,268],"Z":"model","P":[9502,21232],"T":"cit,shield"},"SyndiShanX_23448.zip":{"D":1577935933,"S":[5464,2820],"Z":"model","P":[1738,8673,12540,21379,23240,"Dokucraft Light"],"T":"grass"},"SyndiShanX_23450.zip":{"D":1578293856,"S":[96,96],"Z":"ctm","P":["Dokucraft Light"],"T":"dokucraft-light,log,stripped"},"SyndiShanX_23451.zip":{"D":1578293856,"S":[96,96],"Z":"ctm","P":["Dokucraft High"],"T":"dokucraft-high,log,stripped"},"SyndiShanX_23452.zip":{"D":1578293856,"S":[96,96],"Z":"ctm","P":["Dokucraft Dark"],"T":"dokucraft-dark,log,stripped"},"SyndiShanX_23466.png":{"D":1578802947,"S":[256,256],"T":"biome-color,water"},"SyndiShanX_23510.png":{"D":1579570412,"S":[64,128],"P":[12179,22042,23236],"T":"gui,paper"},"SyndiShanX_23526.zip":{"D":1580134402,"S":[256,4352],"Z":"set","P":[16135,"Dokucraft Light"],"T":"gui,optifine,shulker-box-gui","M":1,"A":1},"SyndiShanX_23616.png":{"D":1580964950,"S":[32,32],"P":[18211],"T":"nylium,warped"},"SyndiShanX_23617.png":{"D":1580964950,"S":[32,32],"P":[18211,"Dokucraft Light"],"T":"netherrack,nylium,warped"},"SyndiShanX_23618.png":{"D":1580964950,"S":[32,32],"P":[16657,18382],"T":"fungus,mushroom,warped"},"SyndiShanX_23764.zip":{"D":1581990632,"S":[109,359],"Z":"model","P":[22940],"T":"dokucraft-light,soulfire-torch"},"SyndiShanX_23765.png":{"D":1582004957,"S":[32,32],"P":[23705,"Dokucraft Light"],"T":"log,stripped,warped,wood"},"SyndiShanX_23766.png":{"D":1582004957,"S":[32,32],"P":[23705],"T":"log,stripped,warped,wood"},"SyndiShanX_23767.png":{"D":1582004957,"S":[32,32],"P":[23705,"Dokucraft Light"],"T":"crimson,log,stripped,wood"},"SyndiShanX_23768.png":{"D":1582004957,"S":[32,32],"P":[23705],"T":"crimson,log,stripped,wood"},"SyndiShanX_23769.png":{"D":1582006371,"S":[32,32],"P":[23617],"T":"crimson,netherrack,nylium"},"SyndiShanX_23770.png":{"D":1582006371,"S":[32,32],"P":[23616],"T":"crimson,nylium"},"SyndiShanX_24092.zip":{"D":1584103505,"S":[32,384],"Z":"set","P":["Dokucraft Light"],"T":"beehive,beenest,dokucraft-light","M":1,"A":1},"SyndiShanX_24093.zip":{"D":1584114019,"S":[256,3072],"Z":"model","P":[23532,"Dokucraft Light"],"T":"beehive,beenest,dokucraft-light","M":1,"A":1},"SyndiShanX_24094.png":{"D":1584115752,"S":[256,256],"P":["Dokucraft Light"],"T":"gui,smithing-table"},"SyndiShanX_24095.png":{"D":1584116122,"S":[256,256],"P":["Dokucraft High"],"T":"gui,smithing-table"},"SyndiShanX_24096.png":{"D":1584116403,"S":[256,256],"P":["Dokucraft Dark"],"T":"gui,smithing-table"},"SyndiShanX_24097.zip":{"D":1584118833,"S":[32,64],"Z":"set","P":["Dokucraft Light"],"T":"dokucraft-light,sign,wood","M":1,"A":1},"SyndiShanX_24179.zip":{"D":1585645649,"S":[2732,1410],"Z":"set","P":[23466,"Dokucraft Light"],"T":"biome-color,dokucraft-light,optifine,water"},"SyndiShanX_24180.zip":{"D":1585645649,"S":[2732,1410],"Z":"set","P":[23466,"Dokucraft High"],"T":"biome-color,dokucraft-high,optifine,water"},"SyndiShanX_24181.zip":{"D":1585645649,"S":[2732,1410],"Z":"set","P":[23466,"Dokucraft Dark"],"T":"biome-color,dokucraft-dark,optifine,water"},"SyndiShanX_24182.zip":{"D":1585650958,"S":[96,64],"Z":"ctm","P":["Dokucraft Light"],"T":"dokucraft-light,end-portal,frame"},"SyndiShanX_24242.png":{"D":1586043619,"S":[16,16],"P":["Dokucraft Light"],"T":"crimson,dokucraft-light,item,sign,wood"},"SyndiShanX_24243.png":{"D":1586043619,"S":[16,16],"P":["Dokucraft Light"],"T":"dokucraft-light,item,sign,warped,wood"},"SyndiShanX_24394.png":{"D":1587384727,"S":[128,128],"P":[21154,"Dokucraft Light"],"T":"cart,wheelbarrow,wood"},"SyndiShanX_24573.png":{"D":1589162972,"S":[32,32],"P":[24431],"T":"chain"},"SyndiShanX_24574.png":{"D":1589162972,"S":[32,32],"P":[24431],"T":"chain"},"SyndiShanX_24575.png":{"D":1589164036,"S":[64,64],"P":[24431],"T":"chain,item"},"SyndiShanX_24619.png":{"D":1589587119,"S":[32,1024],"P":["Dokucraft Light"],"T":"compass,item","M":1,"A":1},"SyndiShanX_24620.png":{"D":1589587119,"S":[32,32],"P":["Dokucraft Light"],"T":"compass,item"},"SyndiShanX_24621.png":{"D":1589587119,"S":[128,128],"P":["Dokucraft Light"],"T":"banner,illager"},"SyndiShanX_24670.zip":{"D":1589783575,"S":[1024,400],"Z":"ctm","P":[24612,"Dokucraft Light"],"T":"dokucraft-light,planks,pre-1-13,wood"},"SyndiShanX_24671.zip":{"D":1589783575,"S":[1024,400],"Z":"ctm","P":[24612,"Dokucraft Light"],"T":"dokucraft-light,planks,pre-1-13,wood"},"SyndiShanX_24840.png":{"D":1592979246,"S":[32,32],"P":["Dokucraft Dwarven"],"T":"dokucraft-dwarven,warped-fungus-on-a-stick"},"SyndiShanX_24887.png":{"D":1593374290,"S":[64,64],"P":[24526,"Dokucraft Dark"],"T":"checkbox,dokucraft-dark,gui"},"SyndiShanX_24919.png":{"D":1594664407,"S":[32,32],"P":["Dokucraft Light"],"T":"dokucraft-dark,door,side,spruce,wood"},"SyndiShanX_24920.png":{"D":1594665651,"S":[32,32],"P":["Dokucraft Light"],"T":"dokucraft-high,door,side,spruce,wood"},"SyndiShanX_24921.zip":{"D":1594842424,"S":[512,512],"Z":"model","P":[22307,22311],"T":"lantern"},"SyndiShanX_24925.png":{"D":1595283483,"S":[288,288],"P":[19723],"T":"block,rune,sandstone"},"SyndiShanX_24926.png":{"D":1595287476,"S":[288,288],"P":[19723],"T":"block,rune,sandstone"},"SyndiShanX_24952.zip":{"D":1597028540,"S":[32,192],"Z":"model","P":[24143,24189],"T":"basalt,block,dokucraft-high,polished","M":1,"A":1},"SyndiShanX_24953.zip":{"D":1597028540,"S":[512,512],"Z":"model","T":"chain,dokucraft-dark"},"SyndiShanX_24954.zip":{"D":1597028540,"S":[512,512],"Z":"model","T":"chain,dokucraft-high"},"SyndiShanX_24955.zip":{"D":1597031805,"S":[32,32],"Z":"set","P":["Dokucraft Light"],"T":"crimson,dokucraft-high,warped"},"SyndiShanX_24956.zip":{"D":1597031960,"S":[32,32],"Z":"set","P":[24152],"T":"dokucraft-high,lodestone"},"SyndiShanX_24957.zip":{"D":1597032305,"S":[32,32],"Z":"set","P":["Dokucraft Light"],"T":"crimson,dokucraft-dark,warped"},"SyndiShanX_24958.zip":{"D":1597032440,"S":[32,32],"Z":"set","P":[24152],"T":"dokucraft-dark,lodestone"},"SyndiShanX_24962.png":{"D":1597395784,"S":[32,32],"P":["Dokucraft Light"],"T":"dokucraft-light,horse-armor,item,netherite"},"SyndiShanX_25079.png":{"D":1599474491,"S":[512,512],"P":["Dokucraft Dwarven"],"T":"dokucraft-dwarven,gui,loom-gui"},"SyndiShanX_25080.png":{"D":1599474491,"S":[512,512],"P":["Dokucraft Dwarven"],"T":"dokucraft-dwarven,grindstone-gui,gui"},"SyndiShanX_25081.png":{"D":1599474491,"S":[512,512],"P":["Dokucraft Dwarven"],"T":"cartography-table-gui,dokucraft-dwarven,gui"},"SyndiShanX_25082.png":{"D":1599474491,"S":[512,512],"P":["Dokucraft Dwarven"],"T":"dokucraft-dwarven,gui,smithing-gui"},"SyndiShanX_25083.png":{"D":1599474491,"S":[512,512],"P":["Dokucraft Dwarven"],"T":"dokucraft-dwarven,gui,smoker-gui"},"SyndiShanX_25084.png":{"D":1599474491,"S":[512,512],"P":["Dokucraft Dwarven"],"T":"dokucraft-dwarven,gamemode-switcher,gui"},"SyndiShanX_25085.png":{"D":1599482365,"S":[128,128],"P":["Dokucraft Dwarven"],"T":"checkbox,dokucraft-dwarven,gui"},"SyndiShanX_25143.zip":{"D":1600401704,"S":[128,64],"Z":"set","P":["Dokucraft High"],"T":"dokucraft-high,leather,piglin-armor"},"SyndiShanX_25144.zip":{"D":1600402732,"S":[325,325],"Z":"model","P":[20946,24134],"T":"dokucraft-high,lantern"},"SyndiShanX_25145.zip":{"D":1600402732,"S":[325,325],"Z":"model","P":[20946,24134,24257],"T":"dokucraft-high,soulfire-lantern"},"SyndiShanX_25146.zip":{"D":1600402732,"S":[325,325],"Z":"model","P":[20945,24134,24257],"T":"dokucraft-dark,soulfire-lantern"},"SyndiShanX_25147.zip":{"D":1600402732,"S":[325,325],"Z":"model","P":[20945,24134],"T":"dokucraft-dark,lantern"},"SyndiShanX_25184.zip":{"D":1600875682,"S":[32,32],"Z":"set","P":["Dokucraft Light"],"T":"blaze-rod,dokucraft-light,fishing-rod"},"SyndiShanX_25185.zip":{"D":1600875779,"S":[32,32],"Z":"set","P":[20633,22134,22135,22136,22137,22138,22139,23854,"Dokucraft Light"],"T":"apple,bucket,dirt,dokucraft-light,dynamic-trees,grass,mycelium,podzol,roots,seed,side,staff"},"SyndiShanX_25186.png":{"D":1600876077,"S":[32,256],"P":["Dokucraft Light"],"T":"dokucraft-light,torch","M":1,"A":1},"SyndiShanX_25187.png":{"D":1600876077,"S":[32,256],"P":["Dokucraft Dark"],"T":"dokucraft-dark,torch","M":1,"A":1},"SyndiShanX_25188.png":{"D":1600876077,"S":[32,256],"P":["Dokucraft High"],"T":"dokucraft-high,torch","M":1,"A":1},"SyndiShanX_25189.png":{"D":1600876077,"S":[32,256],"P":["Dokucraft Dwarven"],"T":"dokucraft-dwarven,torch","M":1,"A":1},"SyndiShanX_25402.zip":{"D":1601178941,"S":[32,32],"Z":"set","P":["Dokucraft High","Dokucraft Light"],"T":"dokucraft-high,door,side"},"SyndiShanX_25403.zip":{"D":1601179082,"S":[32,32],"Z":"set","P":["Dokucraft Dark","Dokucraft Light"],"T":"dokucraft-dark,door,side"},"SyndiShanX_25423.zip":{"D":1601249479,"S":[32,32],"Z":"model","P":["Dokucraft Light"],"T":"dokucraft-high,target"},"SyndiShanX_25424.zip":{"D":1601249945,"S":[32,32],"Z":"model","P":["Dokucraft Light"],"T":"dokucraft-dark,target"},"SyndiShanX_25702.png":{"D":1602730797,"S":[32,128],"P":[23843],"T":"appliedenergistics2,certus,charged,crystal,gem,quartz","M":1,"A":1},"SyndiShanX_25703.png":{"D":1602730797,"S":[32,32],"P":[23843],"T":"appliedenergistics2,certus,crystal,gem,quartz"},"SyndiShanX_25733.zip":{"D":1603115511,"S":[256,256],"Z":"set","P":["Dokucraft Light"],"T":"appliedenergistics2,gui,icons"},"SyndiShanX_25734.zip":{"D":1603115511,"S":[32,32],"Z":"set","P":[24268,24269,25702,25703],"T":"appliedenergistics2,block,brick,certus,charged,chest,compass,ore,quartz,sky,stone"},"SyndiShanX_25735.zip":{"D":1603116992,"S":[32,352],"Z":"set","T":"appliedenergistics2,cell,disk,pattern,processor,singularity,terminal","M":1,"A":1},"SyndiShanX_25736.zip":{"D":1603116992,"S":[32,192],"Z":"set","P":[12986,16085,21435,25185,25703],"T":"appliedenergistics2,card,certus,crank,dust,flour,fluix,handgun,pearl,staff,terminal","M":1,"A":1},"SyndiShanX_25810.png":{"D":1604573012,"S":[33,32],"P":[6952],"T":"calcite,dokucraft-light,stone"},"SyndiShanX_25811.png":{"D":1604573012,"S":[32,32],"P":["Dokucraft Light"],"T":"dokucraft-light,glass,tinted"},"SyndiShanX_25812.png":{"D":1604573012,"S":[32,32],"P":[16268],"T":"dokucraft-light,stone,tuff"},"SyndiShanX_25813.png":{"D":1604573066,"S":[32,32],"P":[25508],"T":"copper,dokucraft-light,lightning-rod"},"SyndiShanX_25814.png":{"D":1604573164,"S":[512,512],"T":"gui,scope,spyglass"},"SyndiShanX_25815.zip":{"D":1604573435,"S":[256,256],"Z":"model","P":[4215],"T":"candle,dokucraft-light"},"SyndiShanX_25816.png":{"D":1604574334,"S":[32,32],"P":[25512],"T":"amethyst,crystal,dokucraft-light,gem"},"SyndiShanX_25934.png":{"D":1605812037,"S":[256,256],"P":["Dokucraft Light"],"T":"dokucraft-light,gui,social-interactions"},"SyndiShanX_25935.png":{"D":1605812037,"S":[256,256],"P":["Dokucraft Light"],"T":"dokucraft-light,gui,stats-icons"},"SyndiShanX_25936.png":{"D":1605812996,"S":[256,256],"P":["Dokucraft High"],"T":"dokucraft-high,gui,stats-icons"},"SyndiShanX_25937.png":{"D":1605812996,"S":[256,256],"P":["Dokucraft High"],"T":"dokucraft-high,gui,social-interactions"},"SyndiShanX_25938.png":{"D":1605813063,"S":[256,256],"P":["Dokucraft Dark"],"T":"dokucraft-dark,gui,stats-icons"},"SyndiShanX_25939.png":{"D":1605813063,"S":[256,256],"P":["Dokucraft Dark"],"T":"dokucraft-dark,gui,social-interactions"},"SyndiShanX_25940.png":{"D":1605816465,"S":[256,256],"P":["Dokucraft Light"],"T":"dokucraft-light,gamemode-switcher,gui"},"SyndiShanX_25941.png":{"D":1605816465,"S":[256,256],"P":["Dokucraft High"],"T":"dokucraft-high,gamemode-switcher,gui"},"SyndiShanX_25942.png":{"D":1605816465,"S":[256,256],"P":["Dokucraft Dark"],"T":"dokucraft-dark,gamemode-switcher,gui"},"SyndiShanX_26296.zip":{"D":1609376313,"S":[256,256],"Z":"set","P":[24179,"Dokucraft Light"],"T":"biome-color,dokucraft-light,optifine,water"},"SyndiShanX_26297.png":{"D":1609392019,"S":[64,64],"P":["Dokucraft Light"],"T":"dokucraft-light,painting"},"SyndiShanX_26300.png":{"D":1609502578,"S":[128,128],"P":["Dokucraft High"],"T":"computercraft,dokucraft-high,turtle"}}