{"animal":"goat|llama|bear|cow|canid|(bird|rabbit !meat)|sheep|bat|fish|donkey|horse|mule|mooshroom|pig|squid|turtle|dolphin|feline|deer","armor":"armor-set|\"helmet\"|\"chestplate\"|\"leggings\"|\"boots\"|\"gauntlets\"|piglin-armor","berry":"blueberry|raspberry|sweet-berry","bird":"parrot|chicken","block":"log|planks|marble|dirt|stem","boots":"armor-set","chestplate":"armor-set","coal":"charcoal","corn":"\"maize\"","canine":"wolf|dog","drinkware":"bottle|mug|jar|wine-glass|jug|teacup|goblet","droplet":"\"tear\"","dust":"blaze-powder|gun-powder|\"powder\"","dye":"cocoa-beans|ink-sac","dynamite":"\"tnt\"","egg":"turtle-egg","entity":"!item !block mob|minecart|boat|tunnel-bore|player-skin|elytra","feline":"cat|ocelot","firework":"\"rocket\"","fish":"salmon|cod|pufferfish|clownfish|tropical-fish","flower":"lavender|rose|sunflower|tulip|peony|lilac|oxeye-daisy|poppy|blue-orchid|allium|lily-of-the-valley|cornflower","food":"(item berry|chorus-fruit|carrot|potato|(fish !bucket)|melon|cabbage|honey|frog-leg|crayfish)|meat|(fruit !chorus-fruit !melon)|beet|cake|cookie|bell-pepper|sugar|pie|broccoli|eggplant|onion|cucumber|cauliflower|bread|cheese|leek|suspicious-stew|waffle","fruit":"grapes|apple|strawberry|banana|melon|avocado|pineapple|kiwi|lemon|chorus-fruit","fur":"\"pelt\"","handgun":"\"pistol\"","gemstone":"diamond|ruby|emerald|topaz|sapphire|quartz","gui":"chest-gui|player-inventory|health-bar|armor-bar|achievement-background|xp-bar|dispenser-gui|furnace-gui|boss-health-bar|villager-gui|brewing-stand-gui|crafting-table-gui|beacon-gui|anvil-gui|hopper-gui|hunger-bar|horse-gui|enchanting-table-gui|advancements-widgets|grindstone-gui|loom-gui|blast-furnace-gui|cartography-table-gui|smoker-gui|stonecutter-gui|checkbox","helmet":"armor-set","illager":"evoker|illusioner|vindicator|pillager|vex","item":"tool|weapon|gem|shield|\"helmet\"|\"boots\"|\"chestplate\"|\"leggings\"|\"armor-set\"|stick|blaze-rod|heart-of-the-sea|ender-eye|ender-pearl|fire-charge|dye|seed|(powder !block)|meat|totem-of-undying|bottle","lamp":"\"lantern\"|(glowstone block)|shroomlight|soulfire-lantern","lantern":"\"lamp\"|(glowstone block)|shroomlight|soulfire-lantern","leggings":"armor-set","maize":"\"corn\"","material":"metal|gemstone|cloth|leather|stone|redstone|coal|lapis|wood|bone|coral|dirt|grass|concrete|terracotta|slime|mushroom|prismarine|snow|turtle-shell|flint|straw","meat":"porkchop|steak|mutton|rotten-flesh","mechanism":"piston|dispenser|trip-wire|repeater|comparator|hook|lever|daylight-detector|observer","melee-weapon":"sword|scepter|dagger|lance|spear|claw|glaive|flail|mace|tonfa|staff|axe|trident|macuahuitl","metal":"gold|iron|copper|silver|tin|\"netherite\"","mob":"!item !block monster|illager|villager|animal|minion|insect|golem","mod":"iron-chests|extra-utilities|not-enough-items|baubles|blue-power|metallurgy|biomes-o-plenty|enhances-biomes|aether|progressive-automation|better-foliage|highlands|balkon-s-weapon-mod|equivalent-exchange|buildcraft|blood-magic|ender-storage|industrialcraft|thaumcraft|better-than-wolves|millenaire|railcraft|red-power|botania|immersive-engineering|tinkers-construct|forestry|power-converters|just-enough-items|ice-and-fire|redpower-fabric|chisels-and-bits|realistic-torches|appleskin|bewitchment|kingdom-keys|rats|the-aurorian","monster":"ghast|guardian|shulker|phantom|vex|dragon|blaze|skeleton|zombie|magma-cube|silverfish|endermite|enderman|creeper|(slime !block !item)|wither|spider|ravager|goblin|troll|harpy|ent|piglin|hoglin|strider","necklace":"tag","orb":"ender-pearl|ender-eye","pelt":"\"fur\"","pig":"wild-boar","pistol":"\"handgun\"","plant":"!gui !item pumpkin|nether-wart|water-lily|sugar-cane|chorus-plant|(stem !mushroom)|(grass !block)|flower|vine|melon|wheat|carrot|potato|sapling|beet-plant|cabbage|cannabis|bush|roots|nether-sprouts","powder":"blaze-powder|gun-powder|\"dust\"","rocket":"\"firework\"","sea-grass":"tall-seagrass","snowman":"snow golem","tag":"dog-tag","tear":"\"droplet\"","texture-sheet":"terrain-sheet|item-sheet","tnt":"\"dynamite\"","tool":"pickaxe|shovel|\"axe\"|hoe|shears|scythe|flint-and-steel|drill|paintbrush|sickle|chisel|scraper|hammer|paint-roller|lighter|bug-net|wrench|frying-pan|chainsaw|fishing-rod|paxel|multitool|cutter|handsaw","trading-gui":"\"villager-gui\"","villager-gui":"\"trading-gui\"","water-lily":"lily-pad","weapon":"melee-weapon|bow|crossbow|pistol|wand|boomerang|shuriken|bomb|grenade|rifle","wearable":"armor|belt|cape|batpack|ring|necklace|backpack|medal|crown|hat","weather":"rain","wood":"oak|dark-oak|birch|jungle|acacia|spruce","zombie":"drowned|husk","canid":"canine|fox","fox":"snow-fox","chest":"ender-chest","cow":"mooshroom","mooshroom":"brown-mooshroom","saddle":"llama-saddle|strider-saddle","bear":"panda|polar-bear","nether-quartz":"\"quartz\"","quartz":"\"nether-quartz\"","stone":"granite|andesite|diorite|basalt|blackstone","villager":"wandering-trader","furnace":"smoker|blast-furnace","axe":"battle-axe","hat":"wizard-hat","fungus":"\"mushroom\"","mushroom":"\"fungus\"","fire":"soulfire","torch":"soulfire-torch","netherite":"ancient-debris","ore":"ancient-debris","strider":"cold-strider","soulfire":"soulfire-torch|soulfire-lantern","telescope":"\"spyglass\"","spyglass":"\"telescope\""}