{"Animals":"animal entity","Animations":"animated","Armor Icons":"armor item","Armor Textures":"armor !item","Axes":"axe","Beds":"bed","Boats":"boat","Books & Paper":"book|paper","Bookshelves":"bookshelf","Bows & Arrows":"bow|arrow|quiver","Brewing":"brewing-stand|bottle|cauldron|mug|chemistry-set","Bricks":"brick","Cart Tracks":"track","Celestial Bodies":"sun|moon|starfield","Character Skins":"player-skin","Chests":"chest","Clay & Terracotta":"clay|terracotta","Command Blocks":"command-block","Colormaps":"biome-color|lighting","Crafting Tables":"crafting-table","CTM":"ctm|ctm-sheet","Decoration":"decoration|painting|banner|plant-pot|carpet|(frame !metal)|curtain","Doors":"door|trapdoor","Enchanting Tables":"enchanting-table","Fences":"fence","Fluids":"lava|water","Fonts & Glyphs":"font|glyphs","Food":"food","Furnaces":"furnace","Gems & Ingots":"gem|ingot","Glass":"glass","Glazed Terracotta":"glazed-terracotta","Glowstone & Lanterns":"glowstone|sea-lantern|lantern","Golems":"golem","Grass & Dirt":"grass|dirt|podzol|mycelium","Gravel & Sand":"gravel|sand|soulsand","GUI":"gui","Horse Armor":"horse-armor","Isometric":"isometric","Latest":"latest","Leaves":"leaves","Marble & Quartz":"marble|quartz !ore !gem","Mechanisms":"mechanism","Metal Blocks":"(metal block !ore)|anvil|mob-spawner","Minecarts":"minecart","Misc Weapons":"weapon !sword !axe !bow","Models":"model","Monsters":"monster entity","Mushrooms":"mushroom|nether-wart","Obsidian & Bedrock":"obsidian|bedrock","Ocean Plants":"coral|kelp|sea-grass","Orbs":"heart-of-the-sea|orb|fire-charge","Ore Blocks":"block emerald|diamond|redstone|lapis !ore","Ores":"ore","Other":"untagged","Particle Effects":"particle-effect","Plants":"plant","Powder":"powder !block","Sandstone":"sandstone","Seeds":"seed","Sheets":"texture-sheet","Shields":"shield","Sticks & Rods":"stick|end-rod|fishing-rod|blaze-rod","Stone":"stone !item","Swords":"sword","Tools":"tool !axe","Torches":"torch","Villagers":"villager","Wood":"wood !item !entity","Wool":"wool|carpet"}