{
	"variants": {
		"age=0": [
			{ "model":"carrots_stage0" },
			{ "model":"crop/carrots_stage0_mirrored" }
		],
		"age=1": [
			{ "model":"carrots_stage0" },
			{ "model":"crop/carrots_stage0_mirrored" }
		],
		"age=2": [
			{ "model":"carrots_stage1" },
			{ "model":"crop/carrots_stage1_mirrored" }
		],
		"age=3": [
			{ "model":"carrots_stage1" },
			{ "model":"crop/carrots_stage1_mirrored" }
		],
		"age=4": [
			{ "model":"carrots_stage2" },
			{ "model":"crop/carrots_stage2_mirrored" }
		],
		"age=5": [
			{ "model":"carrots_stage2" },
			{ "model":"crop/carrots_stage2_mirrored" }
		],
		"age=6": [
			{ "model":"carrots_stage3" },
			{ "model":"crop/carrots_stage3_mirrored" }
		],
		"age=7": [
			{ "model":"carrots_stage3" },
			{ "model":"crop/carrots_stage3_mirrored" }
		]
	}
}