{ "variants": {
    "normal": [
      { "model": "gravel/0", "weight": 300, "y": 90  },
      { "model": "gravel/0", "weight": 300, "y": 180 },
      { "model": "gravel/0", "weight": 300, "y": 270 },
      { "model": "gravel/1", "weight": 300, "y": 90  },
      { "model": "gravel/1", "weight": 300, "y": 180 },
      { "model": "gravel/1", "weight": 300, "y": 270 },
      { "model": "gravel/2", "weight": 300, "y": 90  },
      { "model": "gravel/2", "weight": 300, "y": 180 },
      { "model": "gravel/2", "weight": 300, "y": 270 },
      { "model": "gravel/3", "weight": 300, "y": 90  },
      { "model": "gravel/3", "weight": 300, "y": 180 },
      { "model": "gravel/3", "weight": 300, "y": 270 },
      { "model": "gravel/4", "weight": 300, "y": 90  },
      { "model": "gravel/4", "weight": 300, "y": 180 },
      { "model": "gravel/4", "weight": 300, "y": 270 },
      { "model": "gravel/5", "weight": 5, "y": 90  },
      { "model": "gravel/5", "weight": 5, "y": 180 },
      { "model": "gravel/5", "weight": 5, "y": 270 },
      { "model": "gravel/6", "weight": 5, "y": 90  },
      { "model": "gravel/6", "weight": 5, "y": 180 },
      { "model": "gravel/6", "weight": 5, "y": 270 },
      { "model": "gravel/7", "weight": 5, "y": 90  },
      { "model": "gravel/7", "weight": 5, "y": 180 },
      { "model": "gravel/7", "weight": 5, "y": 270 },
      { "model": "gravel/8", "weight": 5, "y": 90  },
      { "model": "gravel/8", "weight": 5, "y": 180 },
      { "model": "gravel/8", "weight": 5, "y": 270 },
      { "model": "gravel/9", "weight": 5, "y": 90  },
      { "model": "gravel/9", "weight": 5, "y": 180 },
      { "model": "gravel/9", "weight": 5, "y": 270 },
      { "model": "gravel/10", "weight": 5, "y": 90  },
      { "model": "gravel/10", "weight": 5, "y": 180 },
      { "model": "gravel/10", "weight": 5, "y": 270 },
      { "model": "gravel/11", "weight": 5, "y": 90  },
      { "model": "gravel/11", "weight": 5, "y": 180 },
      { "model": "gravel/11", "weight": 5, "y": 270 },
      { "model": "gravel/12", "weight": 5, "y": 90  },
      { "model": "gravel/12", "weight": 5, "y": 180 },
      { "model": "gravel/12", "weight": 5, "y": 270 },
      { "model": "gravel/13", "weight": 5, "y": 90  },
      { "model": "gravel/13", "weight": 5, "y": 180 },
      { "model": "gravel/13", "weight": 5, "y": 270 },
      { "model": "gravel/14", "weight": 5, "y": 90  },
      { "model": "gravel/14", "weight": 5, "y": 180 },
      { "model": "gravel/14", "weight": 5, "y": 270 },
      { "model": "gravel/15", "weight": 5, "y": 90  },
      { "model": "gravel/15", "weight": 5, "y": 180 },
      { "model": "gravel/15", "weight": 5, "y": 270 },
      { "model": "gravel/16", "weight": 5, "y": 90  },
      { "model": "gravel/16", "weight": 5, "y": 180 },
      { "model": "gravel/16", "weight": 5, "y": 270 },
      { "model": "gravel/17", "weight": 5, "y": 90  },
      { "model": "gravel/17", "weight": 5, "y": 180 },
      { "model": "gravel/17", "weight": 5, "y": 270 },
      { "model": "gravel/18", "weight": 5, "y": 90  },
      { "model": "gravel/18", "weight": 5, "y": 180 },
      { "model": "gravel/18", "weight": 5, "y": 270 },
      { "model": "gravel/19", "weight": 5, "y": 90  },
      { "model": "gravel/19", "weight": 5, "y": 180 },
      { "model": "gravel/19", "weight": 5, "y": 270 },
      { "model": "gravel/20", "weight": 5, "y": 90  },
      { "model": "gravel/20", "weight": 5, "y": 180 },
      { "model": "gravel/20", "weight": 5, "y": 270 },
      { "model": "gravel/21", "weight": 5, "y": 90  },
      { "model": "gravel/21", "weight": 5, "y": 180 },
      { "model": "gravel/21", "weight": 5, "y": 270 },
      { "model": "gravel/22", "weight": 5, "y": 90  },
      { "model": "gravel/22", "weight": 5, "y": 180 },
      { "model": "gravel/22", "weight": 5, "y": 270 },
      { "model": "gravel/23", "weight": 5, "y": 90  },
      { "model": "gravel/23", "weight": 5, "y": 180 },
      { "model": "gravel/23", "weight": 5, "y": 270 },
      { "model": "gravel/24", "weight": 5, "y": 90  },
      { "model": "gravel/24", "weight": 5, "y": 180 },
      { "model": "gravel/24", "weight": 5, "y": 270 },
      { "model": "gravel/25", "weight": 5, "y": 90  },
      { "model": "gravel/25", "weight": 5, "y": 180 },
      { "model": "gravel/25", "weight": 5, "y": 270 }
    ]
  }
}