{
	"variants": {
		"normal":  [
			{ "model": "mossy_cobblestone/0", "weight":30 },
			{ "model": "mossy_cobblestone/1", "weight":20 },
			{ "model": "mossy_cobblestone/2", "weight":20 },
			{ "model": "mossy_cobblestone/3", "weight":20 },
			{ "model": "mossy_cobblestone/4", "weight":40 },
			{ "model": "mossy_cobblestone/5", "weight":20 },
			{ "model": "mossy_cobblestone/6", "weight":5 },
			{ "model": "mossy_cobblestone/7", "weight":20 },
			{ "model": "mossy_cobblestone/8", "weight":5 }
		]   
	}
}
