{
	"variants": {
		"age=0": [
			{ "model": "potatoes_stage0" },
			{ "model":"crop/potatoes_stage0_mirrored" }
		],
		"age=1": [
			{ "model":"potatoes_stage0" },
			{ "model":"crop/potatoes_stage0_mirrored" }
		],
		"age=2": [
			{ "model":"potatoes_stage1" },
			{ "model":"crop/potatoes_stage1_mirrored" }
		],
		"age=3": [
			{ "model":"potatoes_stage1" },
			{ "model":"crop/potatoes_stage1_mirrored" }
		],
		"age=4": [
			{ "model":"potatoes_stage2" },
			{ "model":"crop/potatoes_stage2_mirrored" }
		],
		"age=5": [
			{ "model":"potatoes_stage2" },
			{ "model":"crop/potatoes_stage2_mirrored" }
		],
		"age=6": [
			{ "model":"potatoes_stage3" },
			{ "model":"crop/potatoes_stage3_mirrored" }
		],
		"age=7": [
			{ "model":"potatoes_stage3" },
			{ "model":"crop/potatoes_stage3_mirrored" }
		]
	}
}
