{ "variants": {
    "normal": [
      { "model": "sand/sand0", "weight": 4000 },
      { "model": "sand/sand1", "weight": 8    },
      { "model": "sand/sand2", "weight": 8    },
      { "model": "sand/sand3", "weight": 8    },
      { "model": "sand/sand4", "weight": 5    },
      { "model": "sand/sand5", "weight": 10   },
      { "model": "sand/sand6", "weight": 12   },
      { "model": "sand/sand7", "weight": 1    },
      { "model": "sand/sand8", "weight": 1    },
      { "model": "sand/sand9", "weight": 1    }
    ]
  }
}