{
	"variants": {
		"normal": [
			{ "model": "cobweb/0" },
			{ "model": "cobweb/1" },
			{ "model": "cobweb/2" },
			{ "model": "cobweb/3" },
			{ "model": "cobweb/4" },
			{ "model": "cobweb/5" },
			{ "model": "cobweb/6" },
			{ "model": "cobweb/7" },
			{ "model": "cobweb/8" },
			{ "model": "cobweb/9" },
			{ "model": "cobweb/10" },
			{ "model": "cobweb/11" },
			{ "model": "cobweb/12" },
			{ "model": "cobweb/13" },
			{ "model": "cobweb/14" },
			{ "model": "cobweb/15" },
			{ "model": "cobweb/16" },
			{ "model": "cobweb/17" },
			{ "model": "cobweb/18" },
			{ "model": "cobweb/19" },
			{ "model": "cobweb/20" },
			{ "model": "cobweb/21" },
			{ "model": "cobweb/22" },
			{ "model": "cobweb/23" },
			{ "model": "cobweb/24" },
			{ "model": "cobweb/25" },
			{ "model": "cobweb/26" },
			{ "model": "cobweb/27" },
			{ "model": "cobweb/28" },
			{ "model": "cobweb/29" },
			{ "model": "cobweb/30" },
			{ "model": "cobweb/31" },
			{ "model": "cobweb/32" },
			{ "model": "cobweb/33" },
			{ "model": "cobweb/34" },
			{ "model": "cobweb/35" },
			{ "model": "cobweb/36" },
			{ "model": "cobweb/37" }
		]
	}
}