{
	"variants": {
		"age=0": [
			{ "model":"wheat/wheat_stage0" },
			{ "model":"wheat/wheat_stage0_mirrored" }
		],
		"age=1": [
			{ "model":"wheat/wheat_stage1" },
			{ "model":"wheat/wheat_stage1_mirrored" }
		],
		"age=2": [
			{ "model":"wheat/wheat_stage2" },
			{ "model":"wheat/wheat_stage2_mirrored" }
		],
		"age=3": [
			{ "model":"wheat/wheat_stage3" },
			{ "model":"wheat/wheat_stage3_mirrored" }
		],
		"age=4": [
			{ "model":"wheat/wheat_stage4" },
			{ "model":"wheat/wheat_stage4_mirrored" }
		],
		"age=5": [
			{ "model":"wheat/wheat_stage5" },
			{ "model":"wheat/wheat_stage5_mirrored" }
		],
		"age=6": [
			{ "model":"wheat/wheat_stage6" },
			{ "model":"wheat/wheat_stage6_mirrored" }
		],
		"age=7": [
			{ "model":"wheat/wheat_stage7" },
			{ "model":"wheat/wheat_stage7_mirrored" }
		]
	}
}
