{ "variants": {
    "normal": [
      { "model": "ores/mithril/0/0" },
      { "model": "ores/mithril/0/1" },
      { "model": "ores/mithril/0/2" },
      { "model": "ores/mithril/0/3" },
      { "model": "ores/mithril/0/4" },
			{ "model": "ores/mithril/1/0" },
      { "model": "ores/mithril/1/1" },
      { "model": "ores/mithril/1/2" },
      { "model": "ores/mithril/1/3" },
      { "model": "ores/mithril/1/4" },
			{ "model": "ores/mithril/2/0" },
      { "model": "ores/mithril/2/1" },
      { "model": "ores/mithril/2/2" },
      { "model": "ores/mithril/2/3" },
      { "model": "ores/mithril/2/4" },
			{ "model": "ores/mithril/3/0" },
      { "model": "ores/mithril/3/1" },
      { "model": "ores/mithril/3/2" },
      { "model": "ores/mithril/3/3" },
      { "model": "ores/mithril/3/4" }
    ]
  }
}