{ "variants": {
    "normal": [
      { "model": "ores/titanium/0/0" },
      { "model": "ores/titanium/0/1" },
      { "model": "ores/titanium/0/2" },
      { "model": "ores/titanium/0/3" },
      { "model": "ores/titanium/0/4" },
			{ "model": "ores/titanium/1/0" },
      { "model": "ores/titanium/1/1" },
      { "model": "ores/titanium/1/2" },
      { "model": "ores/titanium/1/3" },
      { "model": "ores/titanium/1/4" },
			{ "model": "ores/titanium/2/0" },
      { "model": "ores/titanium/2/1" },
      { "model": "ores/titanium/2/2" },
      { "model": "ores/titanium/2/3" },
      { "model": "ores/titanium/2/4" },
			{ "model": "ores/titanium/3/0" },
      { "model": "ores/titanium/3/1" },
      { "model": "ores/titanium/3/2" },
      { "model": "ores/titanium/3/3" },
      { "model": "ores/titanium/3/4" }
    ]
  }
}