{
  "data": [
    {
      "key": "2Km",
      "pokemon": [
        "Bulbasaur:1-30",
        "Charmander:1-30",
        "Squirtle:1-30",
        "Caterpie:1-30",
        "Weedle:1-30",
        "Pidgey:1-30",
        "Rattata:1-30",
        "Spearow:1-30",
        "Pikachu:1-30",
        "Clefairy:1-30",
        "Jigglypuff:1-30",
        "Zubat:1-30",
        "Geodude:1-30",
        "Magikarp:1-30"
      ]
    },
    {
      "key": "5Km",
      "pokemon": [
        "Ekans:1-40",
        "Sandshrew:1-40",
        "Nidoranmale:1-40",
        "Nidoranfemale:1-40",
        "Vulpix:1-40",
        "Oddish:1-40",
        "Paras:1-40",
        "Venonat:1-40",
        "Diglett:1-40",
        "Meowth:1-40",
        "Psyduck:1-40",
        "Mankey:1-40",
        "Growlithe:1-40",
        "Poliwag:1-40",
        "Abra:1-40",
        "Machop:1-40",
        "Bellsprout:1-40",
        "Tentacool:1-40",
        "Ponyta:1-40",
        "Slowpoke:1-40",
        "Magnemite:1-40",
        "Farfetchd:1-40",
        "Doduo:1-40",
        "Seel:1-40",
        "Grimer:1-40",
        "Shellder:1-40",
        "Gastly:1-40",
        "Drowzee:1-40",
        "Krabby:1-40",
        "Voltorb:1-40",
        "Exeggcute:1-40",
        "Cubone:1-40",
        "Lickitung:1-40",
        "Koffing:1-40",
        "Rhyhorn:1-40",
        "Tangela:1-40",
        "Kangaskhan:1-40",
        "Horsea:1-40",
        "Staryu:1-40",
        "Tauros:1-40",
        "Porygon:1-40"
      ]
    },
    {
      "key": "20Km - Ultra Beast",
      "pokemon": [
        "Blacephalon:1-10",
        "Buzzwole:1-10",
        "Celesteela:1-10",
        "Guzzlord:1-10",
        "Poipole:1-10",
        "Naganadel:1-10",
        "Nihilego:1-10",
        "Pheromosa:1-10",
        "Kartana:1-10",
        "Stakataka:1-10",
        "Xurkitree:1-10"
      ]
    },
      {
      "key": "10Km - Special",
      "pokemon": [
        "Abra:1-2",
        "Absol:1-2",
        "Aerodactyl:1-2",
        "Aggron:1-2",
        "Aipom:1-2",
        "Alakazam:1-2",
        "Altaria:1-2",
        "Ampharos:1-2",
        "Anorith:1-2",
        "Arbok:1-2",
        "Arcanine:1-2",
        "Archen:1-2",
        "Archeops:1-2",
        "Ariados:1-2",
        "Abra:1-2",
        "Armaldo:1-2",
        "Aron:1-2",
        "Articuno:1-2",
        "Azumarill:1-2",
        "Bagon:1-2",
        "Bastiodon:1-2",
        "Bayleef:1-2",
        "Beedrill:1-2",
        "Beldum:1-2",
        "Bellossom:1-2",
        "Bellsprout:1-2",
        "Bisharp:1-2",
        "Blastoise:1-2",
        "Blaziken:1-2",
        "Blissey:1-2",
        "Boldore:1-2",
        "Braviary:1-2",
        "Bulbasaur:1-2",
        "Butterfree:1-2",
        "Camerupt:1-2",
        "Carracosta:1-2",
        "Carvanha:1-2",
        "Caterpie:1-2",
        "Celebi:1-2",
        "Chandelure:1-2",
        "Chansey:1-2",
        "Charizard:1-2",
        "Charmander:1-2",
        "Charmeleon:1-2",
        "Chatot:1-2",
        "Chikorita:1-2",
        "Chimchar:1-2",
        "Chinchou:1-2",
        "Clefable:1-2",
        "Clefairy:1-2",
        "Cleffa:1-2",
        "Cloyster:1-2",
        "Cottonee:1-2",
        "Cranidos:1-2",
        "Crobat:1-2",
        "Croconaw:1-2",
        "Crustle:1-2",
        "Combusken:1-2",
        "Corphish:1-2",
        "Corsola:1-2",
        "Cryogonal:1-2",
        "Cubone:1-2",
        "Crawdaunt:1-2",
        "Cyndaquil:1-2",
        "Delibird:1-2",
        "Dewott:1-2",
        "Dewgong:1-2",
        "Diglett:1-2",
        "Ditto:1-2",
        "Dodrio:1-2",
        "Doduo:1-2",
        "Donphan:1-2",
        "Dragonair:1-2",
        "Dragonite:1-2",
        "Drapion:1-2",
        "Dratini:1-2",
        "Drifblim:1-2",
        "Drifloon:1-2",
        "Drowzee:1-2",
        "Dugtrio:1-2",
        "Dunsparce:1-2",
        "Duosion:1-2",
        "Dwebble:1-2",
        "Eevee:1-2",
        "Ekans:1-2",
        "Electabuzz:1-2",
        "Electivire:1-2",
        "Electrode:1-2",
        "Elekid:1-2",
        "Emboar:1-2",
        "Emolga:1-2",
        "Empoleon:1-2",
        "Entei:1-2",
        "Espeon:1-2",
        "Exeggcute:1-2",
        "Exeggutor:1-2",
        "Farfetchd:1-2",
        "Fearow:1-2",
        "Feraligatr:1-2",
        "Flaaffy:1-2",
        "Flareon:1-2",
        "Flygon:1-2",
        "Forretress:1-2",
        "Galvantula:1-2",
        "Gastly:1-2",
        "Gengar:1-2",
        "Gigalith:1-2",
        "Girafarig:1-2",
        "Geodude:1-2",
        "Glaceon:1-2",
        "Gligar:1-2",
        "Gliscor:1-2",
        "Gloom:1-2",
        "Golbat:1-2",
        "Goldeen:1-2",
        "Golduck:1-2",
        "Golem:1-2",
        "Golett:1-2",
        "Golurk:1-2",
        "Graveler:1-2",
        "Grimer:1-2",
        "Grotle:1-2",
        "Groudon:1-2",
        "Grovyle:1-2",
        "Growlithe:1-2",
        "Gyarados:1-2",
        "Haunter:1-2",
        "Hitmonchan:1-2",
        "Hitmonlee:1-2",
        "Hitmontop:1-2",
        "Honchkrow:1-2",
        "Hoothoot:1-2",
        "Houndoom:1-2",
        "Houndour:1-2",
        "Horsea:1-2",
        "Hypno:1-2",
        "Igglybuff:1-2",
        "Infernape:1-2",
        "Ivysaur:1-2",
        "Jigglypuff:1-2",
        "Jolteon:1-2",
        "Joltik:1-2",
        "Jynx:1-2",
        "Kabuto:1-2",
        "Kadabra:1-2",
        "Kabutops:1-2",
        "Kakuna:1-2",
        "Kangaskhan:1-2",
        "Kingdra:1-2",
        "Kingler:1-2",
        "Klang:1-2",
        "Klink:1-2",
        "Klinklang:1-2",
        "Koffing:1-2",
        "Krabby:1-2",
        "Krokorok:1-2",
        "Krookodile:1-2",
        "Kyogre:1-2",
        "Lairon:1-2",
        "Lampent:1-2",
        "Lanturn:1-2",
        "Lapras:1-2",
        "Larvesta:1-2",
        "Larvitar:1-2",
        "Leafeon:1-2",
        "Leavanny:1-2",
        "Ledyba:1-2",
        "Ledian:1-2",
        "Lickitung:1-2",
        "Litwick:1-2",
        "Lugia:1-2",
        "Lucario:1-2",
        "Lunatone:1-2",
        "Luxio:1-2",
        "Luxray:1-2",
        "Machamp:1-2",
        "Machoke:1-2",
        "Machop:1-2",
        "Magby:1-2",
        "Magikarp:1-2",
        "Magmar:1-2",
        "Magmortar:1-2",
        "Magnemite:1-2",
        "Magneton:1-2",
        "Magnezone:1-2",
        "Mamoswine:1-2",
        "Mankey:1-2",
        "Mantine:1-2",
        "Mareep:1-2",
        "Marill:1-2",
        "Marowak:1-2",
        "Marshtomp:1-2",
        "Meganium:1-2",
        "Meowth:1-2",
        "Metagross:1-2",
        "Metang:1-2",
        "Metapod:1-2",
        "Mew:1-2",
        "Mewtwo:1-2",
        "Miltank:1-2",
        "Minun:1-2",
        "Misdreavus:1-2",
        "Mismagius:1-2",
        "Moltres:1-2",
        "Monferno:1-2",
        "MrMime:1-2",
        "Mudkip:1-2",
        "Muk:1-2",
        "Munchlax:1-2",
        "Murkrow:1-2",
        "Natu:1-2",
        "Nidoking:1-2",
        "Nidoqueen:1-2",
        "Nidoranfemale:1-2",
        "Nidoranmale:1-2",
        "Nidorina:1-2",
        "Nidorino:1-2",
        "Ninetales:1-2",
        "Noctowl:1-2",
        "Numel:1-2",
        "Octillery:1-2",
        "Oddish:1-2",
        "Omanyte:1-2",
        "Omastar:1-2",
        "Onix:1-2",
        "Oshawott:1-2",
        "Pachirisu:1-2",
        "Paras:1-2",
        "Parasect:1-2",
        "Pawniard:1-2",
        "Persian:1-2",
        "Phanpy:1-2",
        "Pichu:1-2",
        "Pidgey:1-2",
        "Pikachu:1-2",
        "Pidgeotto:1-2",
        "Pidgeot:1-2",
        "Pignite:1-2",
        "Piloswine:1-2",
        "Pineco:1-2",
        "Pinsir:1-2",
        "Piplup:1-2",
        "Plusle:1-2",
        "Politoed:1-2",
        "Poliwag:1-2",
        "Poliwhirl:1-2",
        "Poliwrath:1-2",
        "Ponyta:1-2",
        "Porygon:1-2",
        "Porygon-Z:1-2",
        "Porygon2:1-2",
        "Primeape:1-2",
        "Prinplup:1-2",
        "Psyduck:1-2",
        "Pupitar:1-2",
        "Quilava:1-2",
        "Qwilfish:1-2",
        "Raichu:1-2",
        "Raikou:1-2",
        "Rampardos:1-2",
        "Rapidash:1-2",
        "Raticate:1-2",
        "Rattata:1-2",
        "Rayquaza:1-2",
        "Remoraid:1-2",
        "Reuniclus:1-2",
        "Rhydon:1-2",
        "Rhyhorn:1-2",
        "Rhyperior:1-2",
        "Riolu:1-2",
        "Roggenrola:1-2",
        "Rufflet:1-2",
        "Sableye:1-2",
        "Salamence:1-2",
        "Samurott:1-2",
        "Sandile:1-2",
        "Sandshrew:1-2",
        "Sandslash:1-2",
        "Sceptile:1-2",
        "Scizor:1-2",
        "Scolipede:1-2",
        "Scyther:1-2",
        "Seadra:1-2",
        "Seaking:1-2",
        "Sealeo:1-2",
        "Seel:1-2",
        "Serperior:1-2",
        "Servine:1-2",
        "Sewaddle:1-2",
        "Sharpedo:1-2",
        "Shelgon:1-2",
        "Shellder:1-2",
        "Shieldon:1-2",
        "Shinx:1-2",
        "Shuckle:1-2",
        "Sigilyph:1-2",
        "Skarmory:1-2",
        "Skorupi:1-2",
        "Slowbro:1-2",
        "Slowking:1-2",
        "Slowpoke:1-2",
        "Smeargle:1-2",
        "Snivy:1-2",
        "Sneasel:1-2",
        "Snorlax:1-2",
        "Solosis:1-2",
        "Solrock:1-2",
        "Spearow:1-2",
        "Spheal:1-2",
        "Spinarak:1-2",
        "Squirtle:1-2",
        "Stantler:1-2",
        "Staraptor:1-2",
        "Staravia:1-2",
        "Starly:1-2",
        "Staryu:1-2",
        "Starmie:1-2",
        "Suicune:1-2",
        "Swablu:1-2",
        "Swadloon:1-2",
        "Swampert:1-2",
        "Swinub:1-2",
        "Tangela:1-2",
        "Tauros:1-2",
        "Teddiursa:1-2",
        "Tentacool:1-2",
        "Tentacruel:1-2",
        "Tepig:1-2",
        "Tirtouga:1-2",
        "Torchic:1-2",
        "Torterra:1-2",
        "Totodile:1-2",
        "Trapinch:1-2",
        "Treecko:1-2",
        "Tropius:1-2",
        "Turtwig:1-2",
        "Typhlosion:1-2",
        "Tyranitar:1-2",
        "Tyrogue:1-2",
        "Umbreon:1-2",
        "Ursaring:1-2",
        "Vaporeon:1-2",
        "Venipede:1-2",
        "Venomoth:1-2",
        "Venonat:1-2",
        "Venusaur:1-2",
        "Vibrava:1-2",
        "Victreebel:1-2",
        "Vileplume:1-2",
        "Volcarona:1-2",
        "Voltorb:1-2",
        "Vulpix:1-2",
        "Wailmer:1-2",
        "Wailord:1-2",
        "Wartortle:1-2",
        "Walrein:1-2",
        "Weavile:1-2",
        "Weedle:1-2",
        "Weepinbell:1-2",
        "Weezing:1-2",
        "Whimsicott:1-2",
        "Whirlipede:1-2",
        "Wigglytuff:1-2",
        "Wobbuffet:1-2",
        "Wynaut:1-2",
        "Xatu:1-2",
        "Yanma:1-2",
        "Yanmega:1-2",
        "Zapdos:1-2",
        "Zoroark:1-2",
        "Zorua:1-2",
        "Uxie:1-2",
        "Mesprit:1-2",
        "Azelf:1-2",
        "Meltan:1-2",
        "Zubat:1-2"
      ]
    },
    {
      "key": "10Km",
      "pokemon": [
        "Onix:1-50",
        "Hitmonlee:1-50",
        "Hitmonchan:1-50",
        "Chansey:1-50",
        "MrMime:1-50",
        "Scyther:1-50",
        "Jynx:1-50",
        "Electabuzz:1-50",
        "Magmar:1-50",
        "Pinsir:1-50",
        "Lapras:1-50",
        "Eevee:1-50",
        "Omanyte:1-50",
        "Kabuto:1-50",
        "Aerodactyl:1-50",
        "Snorlax:1-50",
        "Dratini:1-50"
      ]
    }
  ]
}